image,Anthocyanin (mg/100g),TPC (mg GAE/g),TFC (mg QE/g),DPPH % Inhibition
Stage1 (1).jpg,136.00,7.29,0.32,18.25
Stage1 (2).jpg,136.20,7.49,0.42,18.45
Stage1 (3).jpg,136.40,7.69,0.52,18.65
Stage1 (4).jpg,136.60,7.89,0.62,18.85
Stage1 (5).jpg,136.80,8.09,0.72,19.05
Stage1 (6).jpg,137.00,8.29,0.82,19.25
Stage1 (7).jpg,137.20,8.49,0.92,19.45
Stage1 (8).jpg,137.40,8.69,1.02,19.65
Stage1 (9).jpg,137.60,8.89,1.12,19.85
Stage1 (10).jpg,137.80,9.09,1.22,20.05
Stage1 (11).jpg,138.00,9.29,1.32,20.25
Stage1 (12).jpg,138.20,9.49,1.42,20.45
Stage1 (13).jpg,138.40,9.69,1.52,20.65
Stage1 (14).jpg,138.60,9.89,1.62,20.85
Stage1 (15).jpg,138.80,10.09,1.72,21.05
Stage1 (16).jpg,139.00,10.29,1.82,21.25
Stage1 (17).jpg,139.20,10.49,1.92,21.45
Stage1 (18).jpg,139.40,10.69,2.02,21.65
Stage1 (19).jpg,139.60,10.89,2.12,21.85
Stage1 (20).jpg,139.80,11.09,2.22,22.05
Stage1 (21).jpg,140.00,11.29,2.32,22.25
Stage1 (22).jpg,140.20,11.49,2.42,22.45
Stage1 (23).jpg,140.40,11.69,2.52,22.65
Stage1 (24).jpg,140.60,11.89,2.62,22.85
Stage1 (25).jpg,136.00,7.29,0.32,18.25
Stage1 (26).jpg,136.20,7.49,0.42,18.45
Stage1 (27).jpg,136.40,7.69,0.52,18.65
Stage1 (28).jpg,136.00,7.29,0.32,18.25
Stage1 (29).jpg,136.20,7.49,0.42,18.45
Stage1 (30).jpg,136.40,7.69,0.52,18.65
Stage1 (31).jpg,136.60,7.89,0.62,18.85
Stage1 (32).jpg,136.80,8.09,0.72,19.05
Stage1 (33).jpg,137.00,8.29,0.82,19.25
Stage1 (34).jpg,137.20,8.49,0.92,19.45
Stage1 (35).jpg,137.40,8.69,1.02,19.65
Stage1 (36).jpg,137.60,8.89,1.12,19.85
Stage1 (37).jpg,137.80,9.09,1.22,20.05
Stage1 (38).jpg,138.00,9.29,1.32,20.25
Stage1 (39).jpg,136.00,7.29,0.32,18.25
Stage1 (40).jpg,136.20,7.49,0.42,18.45
Stage1 (41).jpg,136.40,7.69,0.52,18.65
Stage1 (42).jpg,136.60,7.89,0.62,18.85
Stage1 (43).jpg,136.80,8.09,0.72,19.05
Stage1 (44).jpg,137.00,8.29,0.82,19.25
Stage1 (45).jpg,137.20,8.49,0.92,19.45
Stage1 (46).jpg,137.40,8.69,1.02,19.65
Stage1 (47).jpg,137.60,8.89,1.12,19.85
Stage1 (48).jpg,137.80,9.09,1.22,20.05
Stage1 (49).jpg,138.00,9.29,1.32,20.25
Stage1 (50).jpg,138.20,9.49,1.42,20.45
Stage1 (51).jpg,138.40,9.69,1.52,20.65
Stage1 (52).jpg,140.20,11.49,2.42,22.45
Stage1 (53).jpg,140.40,11.69,2.52,22.65
Stage1 (54).jpg,140.60,11.89,2.62,22.85
Stage1 (55).jpg,136.00,7.29,0.32,18.25
Stage1 (56).jpg,136.20,7.49,0.42,18.45
Stage1 (57).jpg,140.20,11.49,2.42,22.45
Stage1 (58).jpg,140.40,11.69,2.52,22.65
Stage1 (59).jpg,140.60,11.89,2.62,22.85
Stage1 (60).jpg,136.00,7.29,0.32,18.25
Stage1 (61).jpg,136.20,7.49,0.42,18.45
Stage1 (62).jpg,136.40,7.69,0.52,18.65
Stage1 (63).jpg,136.00,7.29,0.32,18.25
Stage1 (64).jpg,136.20,7.49,0.42,18.45
Stage1 (65).jpg,136.40,7.69,0.52,18.65
Stage1 (66).jpg,136.60,7.89,0.62,18.85
Stage1 (67).jpg,136.80,8.09,0.72,19.05
Stage1 (68).jpg,137.00,8.29,0.82,19.25
Stage1 (69).jpg,137.20,8.49,0.92,19.45
Stage1 (70).jpg,137.40,8.69,1.02,19.65
Stage1 (71).jpg,137.60,8.89,1.12,19.85
Stage1 (72).jpg,137.80,9.09,1.22,20.05
Stage1 (73).jpg,138.00,9.29,1.32,20.25
Stage1 (74).jpg,140.20,11.49,2.42,22.45
Stage1 (75).jpg,140.40,11.69,2.52,22.65
Stage1 (76).jpg,140.60,11.89,2.62,22.85
Stage1 (77).jpg,136.00,7.29,0.32,18.25
Stage1 (78).jpg,136.20,7.49,0.42,18.45
Stage1 (79).jpg,136.40,7.69,0.52,18.65
Stage1 (80).jpg,136.00,7.29,0.32,18.25
Stage1 (81).jpg,136.20,7.49,0.42,18.45
Stage1 (82).jpg,136.40,7.69,0.52,18.65
Stage1 (83).jpg,136.60,7.89,0.62,18.85
Stage1 (84).jpg,136.80,8.09,0.72,19.05
Stage1 (85).jpg,137.00,8.29,0.82,19.25
Stage1 (86).jpg,137.20,8.49,0.92,19.45
Stage1 (87).jpg,137.40,8.69,1.02,19.65
Stage1 (88).jpg,137.60,8.89,1.12,19.85
Stage1 (89).jpg,137.80,9.09,1.22,20.05
Stage1 (90).jpg,138.00,9.29,1.32,20.25
Stage1 (91).jpg,136.00,7.29,0.32,18.25
Stage1 (92).jpg,136.20,7.49,0.42,18.45
Stage1 (93).jpg,136.40,7.69,0.52,18.65
Stage1 (94).jpg,136.60,7.89,0.62,18.85
Stage1 (95).jpg,140.20,11.49,2.42,22.45
Stage1 (96).jpg,140.40,11.69,2.52,22.65
Stage1 (97).jpg,140.60,11.89,2.62,22.85
Stage1 (98).jpg,136.00,7.29,0.32,18.25
Stage1 (99).jpg,136.20,7.49,0.42,18.45
Stage1 (100).jpg,136.40,7.69,0.52,18.65
Stage1 (101).jpg,136.00,7.29,0.32,18.25
Stage1 (102).jpg,136.20,7.49,0.42,18.45
Stage1 (103).jpg,136.40,7.69,0.52,18.65
Stage1 (104).jpg,136.60,7.89,0.62,18.85
Stage1 (105).jpg,136.80,8.09,0.72,19.05
Stage1 (106).jpg,137.00,8.29,0.82,19.25
Stage1 (107).jpg,137.20,8.49,0.92,19.45
Stage1 (108).jpg,137.40,8.69,1.02,19.65
Stage1 (109).jpg,137.60,8.89,1.12,19.85
Stage1 (110).jpg,137.80,9.09,1.22,20.05
Stage1 (111).jpg,138.00,9.29,1.32,20.25
Stage1 (112).jpg,136.00,7.29,0.32,18.25
Stage1 (113).jpg,136.20,7.49,0.42,18.45
Stage1 (114).jpg,140.20,11.49,2.42,22.45
Stage1 (115).jpg,140.40,11.69,2.52,22.65
Stage1 (116).jpg,140.60,11.89,2.62,22.85
Stage1 (117).jpg,136.00,7.29,0.32,18.25
Stage1 (118).jpg,136.20,7.49,0.42,18.45
Stage1 (119).jpg,136.40,7.69,0.52,18.65
Stage1 (120).jpg,136.00,7.29,0.32,18.25
Stage1 (121).jpg,136.20,7.49,0.42,18.45
Stage1 (122).jpg,136.40,7.69,0.52,18.65
Stage1 (123).jpg,136.60,7.89,0.62,18.85
Stage1 (124).jpg,136.80,8.09,0.72,19.05
Stage1 (125).jpg,137.00,8.29,0.82,19.25
Stage1 (126).jpg,137.20,8.49,0.92,19.45
Stage1 (127).jpg,137.40,8.69,1.02,19.65
Stage1 (128).jpg,137.60,8.89,1.12,19.85
Stage1 (129).jpg,137.80,9.09,1.22,20.05
Stage1 (130).jpg,138.00,9.29,1.32,20.25
Stage1 (131).jpg,136.00,7.29,0.32,18.25
Stage1 (132).jpg,136.20,7.49,0.42,18.45
Stage1 (133).jpg,136.40,7.69,0.52,18.65
Stage1 (134).jpg,136.60,7.89,0.62,18.85
Stage1 (135).jpg,136.80,8.09,0.72,19.05
Stage1 (136).jpg,137.00,8.29,0.82,19.25
Stage1 (137).jpg,137.20,8.49,0.92,19.45
Stage1 (138).jpg,137.40,8.69,1.02,19.65
Stage1 (139).jpg,137.60,8.89,1.12,19.85
Stage1 (140).jpg,137.80,9.09,1.22,20.05
Stage1 (141).jpg,138.00,9.29,1.32,20.25
Stage1 (142).jpg,137.00,8.29,0.82,19.25
Stage1 (143).jpg,137.20,8.49,0.92,19.45
Stage1 (144).jpg,137.40,8.69,1.02,19.65
Stage1 (145).jpg,137.60,8.89,1.12,19.85
Stage1 (146).jpg,137.80,9.09,1.22,20.05
Stage1 (147).jpg,138.00,9.29,1.32,20.25
Stage1 (148).jpg,136.00,7.29,0.32,18.25
Stage1 (149).jpg,136.20,7.49,0.42,18.45
Stage1 (150).jpg,140.20,11.49,2.42,22.45
Stage1 (151).jpg,140.40,11.69,2.52,22.65
Stage1 (152).jpg,140.60,11.89,2.62,22.85
Stage1 (153).jpg,136.00,7.29,0.32,18.25
Stage1 (154).jpg,136.20,7.49,0.42,18.45
Stage1 (155).jpg,136.40,7.69,0.52,18.65
Stage1 (156).jpg,136.00,7.29,0.32,18.25
Stage1 (157).jpg,136.20,7.49,0.42,18.45
Stage1 (158).jpg,137.00,8.29,0.82,19.25
Stage1 (159).jpg,137.20,8.49,0.92,19.45
Stage1 (160).jpg,137.40,8.69,1.02,19.65
Stage1 (161).jpg,137.60,8.89,1.12,19.85
Stage1 (162).jpg,137.80,9.09,1.22,20.05
Stage1 (163).jpg,138.00,9.29,1.32,20.25
Stage1 (164).jpg,136.00,7.29,0.32,18.25
Stage1 (165).jpg,136.20,7.49,0.42,18.45
Stage1 (166).jpg,140.20,11.49,2.42,22.45
Stage1 (167).jpg,140.40,11.69,2.52,22.65
Stage1 (168).jpg,140.60,11.89,2.62,22.85
Stage1 (169).jpg,136.00,7.29,0.32,18.25
Stage1 (170).jpg,136.20,7.49,0.42,18.45
Stage1 (171).jpg,136.40,7.69,0.52,18.65
Stage1 (172).jpg,136.00,7.29,0.32,18.25
Stage1 (173).jpg,136.20,7.49,0.42,18.45
Stage1 (174).jpg,136.40,7.69,0.52,18.65
Stage1 (175).jpg,137.00,8.29,0.82,19.25
Stage1 (176).jpg,137.20,8.49,0.92,19.45
Stage1 (177).jpg,137.40,8.69,1.02,19.65
Stage1 (178).jpg,137.60,8.89,1.12,19.85
Stage1 (179).jpg,137.80,9.09,1.22,20.05
Stage1 (180).jpg,138.00,9.29,1.32,20.25
Stage1 (181).jpg,136.00,7.29,0.32,18.25
Stage1 (182).jpg,136.20,7.49,0.42,18.45
Stage1 (183).jpg,140.20,11.49,2.42,22.45
Stage1 (184).jpg,140.40,11.69,2.52,22.65
Stage1 (185).jpg,140.60,11.89,2.62,22.85
Stage1 (186).jpg,136.00,7.29,0.32,18.25
Stage1 (187).jpg,136.20,7.49,0.42,18.45
Stage1 (188).jpg,136.40,7.69,0.52,18.65
Stage1 (189).jpg,136.00,7.29,0.32,18.25
Stage1 (190).jpg,136.20,7.49,0.42,18.45
Stage1 (191).jpg,137.00,8.29,0.82,19.25
Stage1 (192).jpg,137.20,8.49,0.92,19.45
Stage1 (193).jpg,137.40,8.69,1.02,19.65
Stage1 (194).jpg,137.60,8.89,1.12,19.85
Stage1 (195).jpg,137.80,9.09,1.22,20.05
Stage1 (196).jpg,138.00,9.29,1.32,20.25
Stage1 (197).jpg,136.00,7.29,0.32,18.25
Stage1 (198).jpg,136.20,7.49,0.42,18.45
Stage1 (199).jpg,140.20,11.49,2.42,22.45
Stage1 (200).jpg,140.40,11.69,2.52,22.65
Stage1 (201).jpg,140.60,11.89,2.62,22.85
Stage1 (202).jpg,136.00,7.29,0.32,18.25
Stage1 (203).jpg,136.20,7.49,0.42,18.45
Stage1 (204).jpg,136.40,7.69,0.52,18.65
Stage1 (205).jpg,136.00,7.29,0.32,18.25
Stage1 (206).jpg,136.20,7.49,0.42,18.45
Stage1 (207).jpg,136.40,7.69,0.52,18.65
Stage1 (208).jpg,136.60,7.89,0.62,18.85
Stage1 (209).jpg,136.80,8.09,0.72,19.05
Stage1 (210).jpg,137.00,8.29,0.82,19.25
Stage1 (211).jpg,137.20,8.49,0.92,19.45
Stage1 (212).jpg,137.00,8.29,0.82,19.25
Stage1 (213).jpg,137.20,8.49,0.92,19.45
Stage1 (214).jpg,137.40,8.69,1.02,19.65
Stage1 (215).jpg,137.60,8.89,1.12,19.85
Stage1 (216).jpg,137.80,9.09,1.22,20.05
Stage1 (217).jpg,138.00,9.29,1.32,20.25
Stage1 (218).jpg,136.00,7.29,0.32,18.25
Stage1 (219).jpg,136.20,7.49,0.42,18.45
Stage1 (220).jpg,140.20,11.49,2.42,22.45
Stage1 (221).jpg,140.40,11.69,2.52,22.65
Stage1 (222).jpg,140.60,11.89,2.62,22.85
Stage1 (223).jpg,136.00,7.29,0.32,18.25
Stage1 (224).jpg,136.20,7.49,0.42,18.45
Stage1 (225).jpg,136.40,7.69,0.52,18.65
Stage1 (226).jpg,136.00,7.29,0.32,18.25
Stage1 (227).jpg,136.20,7.49,0.42,18.45
Stage1 (228).jpg,136.40,7.69,0.52,18.65
Stage1 (229).jpg,137.00,8.29,0.82,19.25
Stage1 (230).jpg,137.20,8.49,0.92,19.45
Stage1 (231).jpg,137.40,8.69,1.02,19.65
Stage1 (232).jpg,137.60,8.89,1.12,19.85
Stage1 (233).jpg,137.80,9.09,1.22,20.05
Stage1 (234).jpg,138.00,9.29,1.32,20.25
Stage1 (235).jpg,136.00,7.29,0.32,18.25
Stage1 (236).jpg,136.20,7.49,0.42,18.45
Stage1 (237).jpg,140.20,11.49,2.42,22.45
Stage1 (238).jpg,140.40,11.69,2.52,22.65
Stage1 (239).jpg,140.60,11.89,2.62,22.85
Stage1 (240).jpg,136.00,7.29,0.32,18.25
Stage1 (241).jpg,136.20,7.49,0.42,18.45
Stage1 (242).jpg,136.40,7.69,0.52,18.65
Stage1 (243).jpg,136.00,7.29,0.32,18.25
Stage1 (244).jpg,136.20,7.49,0.42,18.45
Stage1 (245).jpg,137.00,8.29,0.82,19.25
Stage1 (246).jpg,137.20,8.49,0.92,19.45
Stage1 (247).jpg,137.40,8.69,1.02,19.65
Stage1 (248).jpg,137.60,8.89,1.12,19.85
Stage1 (249).jpg,137.80,9.09,1.22,20.05
Stage1 (250).jpg,138.00,9.29,1.32,20.25
Stage1 (251).jpg,136.00,7.29,0.32,18.25
Stage1 (252).jpg,136.20,7.49,0.42,18.45
Stage1 (253).jpg,140.20,11.49,2.42,22.45
Stage1 (254).jpg,137.00,8.29,0.82,19.25
Stage1 (255).jpg,137.20,8.49,0.92,19.45
Stage1 (256).jpg,137.40,8.69,1.02,19.65
Stage1 (257).jpg,137.60,8.89,1.12,19.85
Stage1 (258).jpg,137.80,9.09,1.22,20.05
Stage1 (259).jpg,138.00,9.29,1.32,20.25
Stage1 (260).jpg,136.00,7.29,0.32,18.25
Stage1 (261).jpg,136.20,7.49,0.42,18.45
Stage1 (262).jpg,140.20,11.49,2.42,22.45
Stage1 (263).jpg,140.40,11.69,2.52,22.65
Stage1 (264).jpg,140.60,11.89,2.62,22.85
Stage1 (265).jpg,136.00,7.29,0.32,18.25
Stage1 (266).jpg,136.20,7.49,0.42,18.45
Stage1 (267).jpg,136.40,7.69,0.52,18.65
Stage1 (268).jpg,136.00,7.29,0.32,18.25
Stage1 (269).jpg,136.20,7.49,0.42,18.45
Stage1 (270).jpg,136.40,7.69,0.52,18.65
Stage1 (271).jpg,137.00,8.29,0.82,19.25
Stage1 (272).jpg,137.20,8.49,0.92,19.45
Stage1 (273).jpg,137.40,8.69,1.02,19.65
Stage1 (274).jpg,137.60,8.89,1.12,19.85
Stage1 (275).jpg,137.80,9.09,1.22,20.05
Stage1 (276).jpg,138.00,9.29,1.32,20.25
Stage1 (277).jpg,136.00,7.29,0.32,18.25
Stage1 (278).jpg,136.20,7.49,0.42,18.45
Stage1 (279).jpg,140.20,11.49,2.42,22.45
Stage1 (280).jpg,140.40,11.69,2.52,22.65
Stage1 (281).jpg,140.60,11.89,2.62,22.85
Stage1 (282).jpg,136.00,7.29,0.32,18.25
Stage1 (283).jpg,136.20,7.49,0.42,18.45
Stage1 (284).jpg,136.40,7.69,0.52,18.65
Stage1 (285).jpg,136.00,7.29,0.32,18.25
Stage1 (286).jpg,136.20,7.49,0.42,18.45
Stage1 (287).jpg,137.00,8.29,0.82,19.25
Stage1 (288).jpg,137.20,8.49,0.92,19.45
Stage1 (289).jpg,137.40,8.69,1.02,19.65
Stage1 (290).jpg,137.60,8.89,1.12,19.85
Stage1 (291).jpg,137.80,9.09,1.22,20.05
Stage1 (292).jpg,138.00,9.29,1.32,20.25
Stage1 (293).jpg,136.00,7.29,0.32,18.25
Stage1 (294).jpg,136.20,7.49,0.42,18.45
Stage1 (295).jpg,140.20,11.49,2.42,22.45
Stage1 (296).jpg,140.40,11.69,2.52,22.65
Stage1 (297).jpg,140.60,11.89,2.62,22.85
Stage1 (298).jpg,136.00,7.29,0.32,18.25
Stage1 (299).jpg,136.20,7.49,0.42,18.45
Stage1 (300).jpg,136.40,7.69,0.52,18.65
Stage1 (301).jpg,136.00,7.29,0.32,18.25
Stage1 (302).jpg,137.00,8.29,0.82,19.25
Stage1 (303).jpg,137.20,8.49,0.92,19.45
Stage1 (304).jpg,137.40,8.69,1.02,19.65
Stage1 (305).jpg,137.60,8.89,1.12,19.85
Stage1 (306).jpg,137.80,9.09,1.22,20.05
Stage1 (307).jpg,138.00,9.29,1.32,20.25
Stage1 (308).jpg,136.00,7.29,0.32,18.25
Stage1 (309).jpg,136.20,7.49,0.42,18.45
Stage1 (310).jpg,140.20,11.49,2.42,22.45
Stage1 (311).jpg,140.40,11.69,2.52,22.65
Stage1 (312).jpg,140.60,11.89,2.62,22.85
Stage1 (313).jpg,136.00,7.29,0.32,18.25
Stage1 (314).jpg,136.20,7.49,0.42,18.45
Stage1 (315).jpg,136.40,7.69,0.52,18.65
Stage1 (316).jpg,136.00,7.29,0.32,18.25
Stage1 (317).jpg,136.20,7.49,0.42,18.45
Stage1 (318).jpg,136.40,7.69,0.52,18.65
Stage1 (319).jpg,137.00,8.29,0.82,19.25
Stage1 (320).jpg,137.20,8.49,0.92,19.45
Stage1 (321).jpg,137.40,8.69,1.02,19.65
Stage1 (322).jpg,137.60,8.89,1.12,19.85
Stage1 (323).jpg,137.80,9.09,1.22,20.05
Stage1 (324).jpg,138.00,9.29,1.32,20.25
Stage1 (325).jpg,136.00,7.29,0.32,18.25
Stage1 (326).jpg,136.20,7.49,0.42,18.45
Stage1 (327).jpg,140.20,11.49,2.42,22.45
Stage1 (328).jpg,140.40,11.69,2.52,22.65
Stage1 (329).jpg,140.60,11.89,2.62,22.85
Stage1 (330).jpg,136.00,7.29,0.32,18.25
Stage1 (331).jpg,136.20,7.49,0.42,18.45
Stage1 (332).jpg,136.40,7.69,0.52,18.65
Stage1 (333).jpg,136.00,7.29,0.32,18.25
Stage1 (334).jpg,136.20,7.49,0.42,18.45
Stage1 (335).jpg,137.00,8.29,0.82,19.25
Stage1 (336).jpg,137.20,8.49,0.92,19.45
Stage1 (337).jpg,137.40,8.69,1.02,19.65
Stage1 (338).jpg,137.60,8.89,1.12,19.85
Stage1 (339).jpg,137.80,9.09,1.22,20.05
Stage1 (340).jpg,138.00,9.29,1.32,20.25
Stage1 (341).jpg,136.00,7.29,0.32,18.25
Stage1 (342).jpg,136.20,7.49,0.42,18.45
Stage1 (343).jpg,140.20,11.49,2.42,22.45
Stage1 (344).jpg,140.40,11.69,2.52,22.65
Stage1 (345).jpg,140.60,11.89,2.62,22.85
Stage1 (346).jpg,136.00,7.29,0.32,18.25
Stage1 (347).jpg,136.20,7.49,0.42,18.45
Stage1 (348).jpg,136.40,7.69,0.52,18.65
Stage1 (349).jpg,136.00,7.29,0.32,18.25
Stage1 (350).jpg,136.20,7.49,0.42,18.45
Stage1 (351).jpg,136.40,7.69,0.52,18.65
Stage1 (352).jpg,136.60,7.89,0.62,18.85
Stage1 (353).jpg,136.80,8.09,0.72,19.05
Stage1 (354).jpg,137.40,8.69,1.02,19.65
Stage1 (355).jpg,137.60,8.89,1.12,19.85
Stage1 (356).jpg,137.80,9.09,1.22,20.05
Stage1 (357).jpg,138.00,9.29,1.32,20.25
Stage1 (358).jpg,136.00,7.29,0.32,18.25
Stage1 (359).jpg,136.20,7.49,0.42,18.45
Stage1 (360).jpg,140.20,11.49,2.42,22.45
Stage1 (361).jpg,140.40,11.69,2.52,22.65
Stage1 (362).jpg,140.60,11.89,2.62,22.85
Stage1 (363).jpg,136.00,7.29,0.32,18.25
Stage1 (364).jpg,136.20,7.49,0.42,18.45
Stage1 (365).jpg,136.40,7.69,0.52,18.65
Stage1 (366).jpg,136.00,7.29,0.32,18.25
Stage1 (367).jpg,136.20,7.49,0.42,18.45
Stage1 (368).jpg,137.00,8.29,0.82,19.25
Stage2 (1).jpg,535.02,46.03,3.76,73.12
Stage2 (2).jpg,535.22,46.23,3.96,73.32
Stage2 (3).jpg,535.42,46.43,4.16,73.52
Stage2 (4).jpg,535.62,46.63,4.36,73.72
Stage2 (5).jpg,535.82,46.83,4.56,73.92
Stage2 (6).jpg,536.02,47.03,4.76,74.12
Stage2 (7).jpg,536.22,47.23,4.96,74.32
Stage2 (8).jpg,535.02,46.03,3.76,73.12
Stage2 (9).jpg,535.22,46.23,3.96,73.32
Stage2 (10).jpg,535.42,46.43,4.16,73.52
Stage2 (11).jpg,535.62,46.63,4.36,73.72
Stage2 (12).jpg,535.82,46.83,4.56,73.92
Stage2 (13).jpg,536.02,47.03,4.76,74.12
Stage2 (14).jpg,536.22,47.23,4.96,74.32
Stage2 (15).jpg,536.42,47.43,5.16,74.52
Stage2 (16).jpg,536.62,47.63,5.36,74.72
Stage2 (17).jpg,536.82,47.83,5.56,74.92
Stage2 (18).jpg,537.02,48.03,5.76,75.12
Stage2 (19).jpg,537.22,48.23,5.96,75.32
Stage2 (20).jpg,537.42,48.43,6.16,75.52
Stage2 (21).jpg,537.62,48.63,6.36,75.72
Stage2 (22).jpg,537.82,48.83,6.56,75.92
Stage2 (23).jpg,538.02,49.03,6.76,76.12
Stage2 (24).jpg,538.22,49.23,6.96,76.32
Stage2 (25).jpg,538.42,49.43,7.16,76.52
Stage2 (26).jpg,535.02,46.03,3.76,73.12
Stage2 (27).jpg,535.22,46.23,3.96,73.32
Stage2 (28).jpg,535.42,46.43,4.16,73.52
Stage2 (29).jpg,535.62,46.63,4.36,73.72
Stage2 (30).jpg,535.82,46.83,4.56,73.92
Stage2 (31).jpg,536.02,47.03,4.76,74.12
Stage2 (32).jpg,536.22,47.23,4.96,74.32
Stage2 (33).jpg,536.42,47.43,5.16,74.52
Stage2 (34).jpg,536.62,47.63,5.36,74.72
Stage2 (35).jpg,536.82,47.83,5.56,74.92
Stage2 (36).jpg,537.02,48.03,5.76,75.12
Stage2 (37).jpg,537.22,48.23,5.96,75.32
Stage2 (38).jpg,537.42,48.43,6.16,75.52
Stage2 (39).jpg,537.62,48.63,6.36,75.72
Stage2 (40).jpg,537.82,48.83,6.56,75.92
Stage2 (41).jpg,538.02,49.03,6.76,76.12
Stage2 (42).jpg,538.22,49.23,6.96,76.32
Stage2 (43).jpg,538.42,49.43,7.16,76.52
Stage2 (44).jpg,538.62,49.63,7.36,76.72
Stage2 (45).jpg,538.82,49.83,7.56,76.92
Stage2 (46).jpg,535.02,46.03,3.76,73.12
Stage2 (47).jpg,535.22,46.23,3.96,73.32
Stage2 (48).jpg,535.42,46.43,4.16,73.52
Stage2 (49).jpg,535.62,46.63,4.36,73.72
Stage2 (50).jpg,535.82,46.83,4.56,73.92
Stage2 (51).jpg,536.02,47.03,4.76,74.12
Stage2 (52).jpg,536.22,47.23,4.96,74.32
Stage2 (53).jpg,536.42,47.43,5.16,74.52
Stage2 (54).jpg,536.62,47.63,5.36,74.72
Stage2 (55).jpg,536.82,47.83,5.56,74.92
Stage2 (56).jpg,537.02,48.03,5.76,75.12
Stage2 (57).jpg,537.22,48.23,5.96,75.32
Stage2 (58).jpg,537.42,48.43,6.16,75.52
Stage2 (59).jpg,537.62,48.63,6.36,75.72
Stage2 (60).jpg,537.82,48.83,6.56,75.92
Stage2 (61).jpg,538.02,49.03,6.76,76.12
Stage2 (62).jpg,538.22,49.23,6.96,76.32
Stage2 (63).jpg,538.42,49.43,7.16,76.52
Stage2 (64).jpg,536.22,47.23,4.96,74.32
Stage2 (65).jpg,535.02,46.03,3.76,73.12
Stage2 (66).jpg,535.22,46.23,3.96,73.32
Stage2 (67).jpg,535.42,46.43,4.16,73.52
Stage2 (68).jpg,535.62,46.63,4.36,73.72
Stage2 (69).jpg,535.82,46.83,4.56,73.92
Stage2 (70).jpg,536.02,47.03,4.76,74.12
Stage2 (71).jpg,536.22,47.23,4.96,74.32
Stage2 (72).jpg,536.42,47.43,5.16,74.52
Stage2 (73).jpg,536.62,47.63,5.36,74.72
Stage2 (74).jpg,536.82,47.83,5.56,74.92
Stage2 (75).jpg,537.02,48.03,5.76,75.12
Stage2 (76).jpg,537.22,48.23,5.96,75.32
Stage2 (77).jpg,537.42,48.43,6.16,75.52
Stage2 (78).jpg,537.62,48.63,6.36,75.72
Stage2 (79).jpg,537.82,48.83,6.56,75.92
Stage2 (80).jpg,538.02,49.03,6.76,76.12
Stage2 (81).jpg,538.22,49.23,6.96,76.32
Stage2 (82).jpg,538.42,49.43,7.16,76.52
Stage2 (83).jpg,535.02,46.03,3.76,73.12
Stage2 (84).jpg,535.22,46.23,3.96,73.32
Stage2 (85).jpg,535.42,46.43,4.16,73.52
Stage2 (86).jpg,535.62,46.63,4.36,73.72
Stage2 (87).jpg,535.82,46.83,4.56,73.92
Stage2 (88).jpg,536.02,47.03,4.76,74.12
Stage2 (89).jpg,536.22,47.23,4.96,74.32
Stage2 (90).jpg,536.42,47.43,5.16,74.52
Stage2 (91).jpg,536.62,47.63,5.36,74.72
Stage2 (92).jpg,536.82,47.83,5.56,74.92
Stage2 (93).jpg,537.02,48.03,5.76,75.12
Stage2 (94).jpg,537.22,48.23,5.96,75.32
Stage2 (95).jpg,537.22,48.23,5.96,75.32
Stage2 (96).jpg,537.42,48.43,6.16,75.52
Stage2 (97).jpg,537.62,48.63,6.36,75.72
Stage2 (98).jpg,537.82,48.83,6.56,75.92
Stage2 (99).jpg,538.02,49.03,6.76,76.12
Stage2 (100).jpg,538.22,49.23,6.96,76.32
Stage2 (101).jpg,538.42,49.43,7.16,76.52
Stage2 (102).jpg,538.62,49.63,7.36,76.72
Stage2 (103).jpg,538.82,49.83,7.56,76.92
Stage2 (104).jpg,539.02,50.03,7.76,77.12
Stage2 (105).jpg,535.42,46.43,4.16,73.52
Stage2 (106).jpg,535.62,46.63,4.36,73.72
Stage2 (107).jpg,535.82,46.83,4.56,73.92
Stage2 (108).jpg,536.02,47.03,4.76,74.12
Stage2 (109).jpg,536.22,47.23,4.96,74.32
Stage2 (110).jpg,536.42,47.43,5.16,74.52
Stage2 (111).jpg,536.62,47.63,5.36,74.72
Stage2 (112).jpg,536.82,47.83,5.56,74.92
Stage2 (113).jpg,537.02,48.03,5.76,75.12
Stage2 (114).jpg,537.22,48.23,5.96,75.32
Stage2 (115).jpg,537.42,48.43,6.16,75.52
Stage2 (116).jpg,537.62,48.63,6.36,75.72
Stage2 (117).jpg,537.82,48.83,6.56,75.92
Stage2 (118).jpg,538.02,49.03,6.76,76.12
Stage2 (119).jpg,538.22,49.23,6.96,76.32
Stage2 (120).jpg,538.42,49.43,7.16,76.52
Stage2 (121).jpg,538.62,49.63,7.36,76.72
Stage2 (122).jpg,538.82,49.83,7.56,76.92
Stage2 (123).jpg,539.02,50.03,7.76,77.12
Stage2 (124).jpg,539.22,50.23,7.96,77.32
Stage2 (125).jpg,539.42,50.43,8.16,77.52
Stage2 (126).jpg,536.62,47.63,5.36,74.72
Stage2 (127).jpg,536.82,47.83,5.56,74.92
Stage2 (128).jpg,537.02,48.03,5.76,75.12
Stage2 (129).jpg,537.22,48.23,5.96,75.32
Stage2 (130).jpg,537.42,48.43,6.16,75.52
Stage2 (131).jpg,537.62,48.63,6.36,75.72
Stage2 (132).jpg,537.82,48.83,6.56,75.92
Stage2 (133).jpg,538.02,49.03,6.76,76.12
Stage2 (134).jpg,538.22,49.23,6.96,76.32
Stage2 (135).jpg,538.42,49.43,7.16,76.52
Stage2 (136).jpg,538.62,49.63,7.36,76.72
Stage2 (137).jpg,538.82,49.83,7.56,76.92
Stage2 (138).jpg,539.02,50.03,7.76,77.12
Stage2 (139).jpg,539.22,50.23,7.96,77.32
Stage2 (140).jpg,539.42,50.43,8.16,77.52
Stage2 (141).jpg,536.22,47.23,4.96,74.32
Stage2 (142).jpg,536.42,47.43,5.16,74.52
Stage2 (143).jpg,536.62,47.63,5.36,74.72
Stage2 (144).jpg,536.82,47.83,5.56,74.92
Stage2 (145).jpg,537.02,48.03,5.76,75.12
Stage2 (146).jpg,537.22,48.23,5.96,75.32
Stage2 (147).jpg,537.42,48.43,6.16,75.52
Stage2 (148).jpg,537.62,48.63,6.36,75.72
Stage2 (149).jpg,537.82,48.83,6.56,75.92
Stage2 (150).jpg,538.02,49.03,6.76,76.12
Stage2 (151).jpg,538.22,49.23,6.96,76.32
Stage2 (152).jpg,538.42,49.43,7.16,76.52
Stage2 (153).jpg,535.02,46.03,3.76,73.12
Stage2 (154).jpg,535.22,46.23,3.96,73.32
Stage2 (155).jpg,535.42,46.43,4.16,73.52
Stage2 (156).jpg,535.62,46.63,4.36,73.72
Stage2 (157).jpg,535.82,46.83,4.56,73.92
Stage2 (158).jpg,536.02,47.03,4.76,74.12
Stage2 (159).jpg,536.22,47.23,4.96,74.32
Stage2 (160).jpg,536.42,47.43,5.16,74.52
Stage2 (161).jpg,536.62,47.63,5.36,74.72
Stage2 (162).jpg,536.82,47.83,5.56,74.92
Stage2 (163).jpg,537.02,48.03,5.76,75.12
Stage2 (164).jpg,536.22,47.23,4.96,74.32
Stage2 (165).jpg,536.42,47.43,5.16,74.52
Stage2 (166).jpg,536.62,47.63,5.36,74.72
Stage2 (167).jpg,536.82,47.83,5.56,74.92
Stage2 (168).jpg,537.02,48.03,5.76,75.12
Stage2 (169).jpg,537.22,48.23,5.96,75.32
Stage2 (170).jpg,537.42,48.43,6.16,75.52
Stage2 (171).jpg,537.62,48.63,6.36,75.72
Stage2 (172).jpg,537.82,48.83,6.56,75.92
Stage2 (173).jpg,538.02,49.03,6.76,76.12
Stage2 (174).jpg,538.22,49.23,6.96,76.32
Stage2 (175).jpg,538.42,49.43,7.16,76.52
Stage2 (176).jpg,535.02,46.03,3.76,73.12
Stage2 (177).jpg,535.22,46.23,3.96,73.32
Stage2 (178).jpg,535.42,46.43,4.16,73.52
Stage2 (179).jpg,535.62,46.63,4.36,73.72
Stage2 (180).jpg,535.82,46.83,4.56,73.92
Stage2 (181).jpg,536.02,47.03,4.76,74.12
Stage2 (182).jpg,536.22,47.23,4.96,74.32
Stage2 (183).jpg,536.42,47.43,5.16,74.52
Stage2 (184).jpg,536.62,47.63,5.36,74.72
Stage2 (185).jpg,536.82,47.83,5.56,74.92
Stage2 (186).jpg,537.02,48.03,5.76,75.12
Stage2 (187).jpg,537.22,48.23,5.96,75.32
Stage2 (188).jpg,537.22,48.23,5.96,75.32
Stage2 (189).jpg,537.42,48.43,6.16,75.52
Stage2 (190).jpg,537.62,48.63,6.36,75.72
Stage2 (191).jpg,537.82,48.83,6.56,75.92
Stage2 (192).jpg,538.02,49.03,6.76,76.12
Stage2 (193).jpg,538.22,49.23,6.96,76.32
Stage2 (194).jpg,538.42,49.43,7.16,76.52
Stage2 (195).jpg,538.62,49.63,7.36,76.72
Stage2 (196).jpg,538.82,49.83,7.56,76.92
Stage2 (197).jpg,539.02,50.03,7.76,77.12
Stage2 (198).jpg,535.42,46.43,4.16,73.52
Stage2 (199).jpg,535.62,46.63,4.36,73.72
Stage2 (200).jpg,535.82,46.83,4.56,73.92
Stage2 (201).jpg,536.02,47.03,4.76,74.12
Stage2 (202).jpg,536.22,47.23,4.96,74.32
Stage2 (203).jpg,536.42,47.43,5.16,74.52
Stage2 (204).jpg,536.62,47.63,5.36,74.72
Stage2 (205).jpg,536.82,47.83,5.56,74.92
Stage2 (206).jpg,536.22,47.23,4.96,74.32
Stage2 (207).jpg,536.42,47.43,5.16,74.52
Stage2 (208).jpg,536.62,47.63,5.36,74.72
Stage2 (209).jpg,536.82,47.83,5.56,74.92
Stage2 (210).jpg,537.02,48.03,5.76,75.12
Stage2 (211).jpg,537.22,48.23,5.96,75.32
Stage2 (212).jpg,537.42,48.43,6.16,75.52
Stage2 (213).jpg,537.62,48.63,6.36,75.72
Stage2 (214).jpg,537.82,48.83,6.56,75.92
Stage2 (215).jpg,538.02,49.03,6.76,76.12
Stage2 (216).jpg,538.22,49.23,6.96,76.32
Stage2 (217).jpg,538.42,49.43,7.16,76.52
Stage2 (218).jpg,535.02,46.03,3.76,73.12
Stage2 (219).jpg,535.22,46.23,3.96,73.32
Stage2 (220).jpg,535.42,46.43,4.16,73.52
Stage2 (221).jpg,535.62,46.63,4.36,73.72
Stage2 (222).jpg,535.82,46.83,4.56,73.92
Stage2 (223).jpg,536.02,47.03,4.76,74.12
Stage2 (224).jpg,536.22,47.23,4.96,74.32
Stage2 (225).jpg,536.42,47.43,5.16,74.52
Stage2 (226).jpg,536.62,47.63,5.36,74.72
Stage2 (227).jpg,536.82,47.83,5.56,74.92
Stage2 (228).jpg,537.02,48.03,5.76,75.12
Stage2 (229).jpg,537.22,48.23,5.96,75.32
Stage2 (230).jpg,537.22,48.23,5.96,75.32
Stage2 (231).jpg,537.42,48.43,6.16,75.52
Stage2 (232).jpg,537.62,48.63,6.36,75.72
Stage2 (233).jpg,537.82,48.83,6.56,75.92
Stage2 (234).jpg,538.02,49.03,6.76,76.12
Stage2 (235).jpg,538.22,49.23,6.96,76.32
Stage2 (236).jpg,538.42,49.43,7.16,76.52
Stage2 (237).jpg,538.62,49.63,7.36,76.72
Stage2 (238).jpg,538.82,49.83,7.56,76.92
Stage2 (239).jpg,539.02,50.03,7.76,77.12
Stage2 (240).jpg,535.42,46.43,4.16,73.52
Stage2 (241).jpg,535.62,46.63,4.36,73.72
Stage2 (242).jpg,535.82,46.83,4.56,73.92
Stage2 (243).jpg,536.02,47.03,4.76,74.12
Stage2 (244).jpg,536.22,47.23,4.96,74.32
Stage2 (245).jpg,536.42,47.43,5.16,74.52
Stage2 (246).jpg,536.62,47.63,5.36,74.72
Stage2 (247).jpg,536.82,47.83,5.56,74.92
Stage2 (248).jpg,537.02,48.03,5.76,75.12
Stage2 (249).jpg,537.22,48.23,5.96,75.32
Stage2 (250).jpg,536.22,47.23,4.96,74.32
Stage2 (251).jpg,536.42,47.43,5.16,74.52
Stage2 (252).jpg,536.62,47.63,5.36,74.72
Stage2 (253).jpg,536.82,47.83,5.56,74.92
Stage2 (254).jpg,537.02,48.03,5.76,75.12
Stage2 (255).jpg,537.22,48.23,5.96,75.32
Stage2 (256).jpg,537.42,48.43,6.16,75.52
Stage2 (257).jpg,537.62,48.63,6.36,75.72
Stage2 (258).jpg,537.82,48.83,6.56,75.92
Stage2 (259).jpg,538.02,49.03,6.76,76.12
Stage2 (260).jpg,538.22,49.23,6.96,76.32
Stage2 (261).jpg,538.42,49.43,7.16,76.52
Stage2 (262).jpg,535.02,46.03,3.76,73.12
Stage2 (263).jpg,535.22,46.23,3.96,73.32
Stage2 (264).jpg,535.42,46.43,4.16,73.52
Stage2 (265).jpg,535.62,46.63,4.36,73.72
Stage2 (266).jpg,535.82,46.83,4.56,73.92
Stage2 (267).jpg,536.02,47.03,4.76,74.12
Stage2 (268).jpg,536.22,47.23,4.96,74.32
Stage2 (269).jpg,536.42,47.43,5.16,74.52
Stage2 (270).jpg,536.62,47.63,5.36,74.72
Stage2 (271).jpg,536.82,47.83,5.56,74.92
Stage2 (272).jpg,537.02,48.03,5.76,75.12
Stage2 (273).jpg,537.22,48.23,5.96,75.32
Stage2 (274).jpg,537.22,48.23,5.96,75.32
Stage2 (275).jpg,537.42,48.43,6.16,75.52
Stage2 (276).jpg,537.62,48.63,6.36,75.72
Stage2 (277).jpg,537.82,48.83,6.56,75.92
Stage2 (278).jpg,538.02,49.03,6.76,76.12
Stage2 (279).jpg,538.22,49.23,6.96,76.32
Stage2 (280).jpg,538.42,49.43,7.16,76.52
Stage2 (281).jpg,538.62,49.63,7.36,76.72
Stage2 (282).jpg,538.82,49.83,7.56,76.92
Stage2 (283).jpg,539.02,50.03,7.76,77.12
Stage2 (284).jpg,535.42,46.43,4.16,73.52
Stage2 (285).jpg,535.62,46.63,4.36,73.72
Stage2 (286).jpg,535.82,46.83,4.56,73.92
Stage2 (287).jpg,536.02,47.03,4.76,74.12
Stage2 (288).jpg,536.22,47.23,4.96,74.32
Stage2 (289).jpg,536.42,47.43,5.16,74.52
Stage2 (290).jpg,536.62,47.63,5.36,74.72
Stage2 (291).jpg,536.82,47.83,5.56,74.92
Stage2 (292).jpg,537.02,48.03,5.76,75.12
Stage2 (293).jpg,537.22,48.23,5.96,75.32
Stage2 (294).jpg,537.42,48.43,6.16,75.52
Stage2 (295).jpg,537.62,48.63,6.36,75.72
Stage2 (296).jpg,537.82,48.83,6.56,75.92
Stage2 (297).jpg,538.02,49.03,6.76,76.12
Stage2 (298).jpg,538.22,49.23,6.96,76.32
Stage2 (299).jpg,536.22,47.23,4.96,74.32
Stage2 (300).jpg,536.42,47.43,5.16,74.52
Stage2 (301).jpg,536.62,47.63,5.36,74.72
Stage2 (302).jpg,536.82,47.83,5.56,74.92
Stage2 (303).jpg,537.02,48.03,5.76,75.12
Stage2 (304).jpg,537.22,48.23,5.96,75.32
Stage2 (305).jpg,537.42,48.43,6.16,75.52
Stage2 (306).jpg,537.62,48.63,6.36,75.72
Stage2 (307).jpg,537.82,48.83,6.56,75.92
Stage2 (308).jpg,538.02,49.03,6.76,76.12
Stage2 (309).jpg,538.22,49.23,6.96,76.32
Stage2 (310).jpg,538.42,49.43,7.16,76.52
Stage2 (311).jpg,535.02,46.03,3.76,73.12
Stage2 (312).jpg,535.22,46.23,3.96,73.32
Stage2 (313).jpg,535.42,46.43,4.16,73.52
Stage2 (314).jpg,535.62,46.63,4.36,73.72
Stage2 (315).jpg,535.82,46.83,4.56,73.92
Stage2 (316).jpg,536.02,47.03,4.76,74.12
Stage2 (317).jpg,536.22,47.23,4.96,74.32
Stage2 (318).jpg,536.42,47.43,5.16,74.52
Stage2 (319).jpg,536.62,47.63,5.36,74.72
Stage2 (320).jpg,536.82,47.83,5.56,74.92
Stage2 (321).jpg,537.02,48.03,5.76,75.12
Stage2 (322).jpg,537.22,48.23,5.96,75.32
Stage2 (323).jpg,537.22,48.23,5.96,75.32
Stage2 (324).jpg,537.42,48.43,6.16,75.52
Stage2 (325).jpg,537.62,48.63,6.36,75.72
Stage2 (326).jpg,537.82,48.83,6.56,75.92
Stage2 (327).jpg,538.02,49.03,6.76,76.12
Stage2 (328).jpg,538.22,49.23,6.96,76.32
Stage2 (329).jpg,538.42,49.43,7.16,76.52
Stage2 (330).jpg,538.62,49.63,7.36,76.72
Stage2 (331).jpg,538.82,49.83,7.56,76.92
Stage2 (332).jpg,539.02,50.03,7.76,77.12
Stage2 (333).jpg,535.42,46.43,4.16,73.52
Stage2 (334).jpg,535.62,46.63,4.36,73.72
Stage2 (335).jpg,535.82,46.83,4.56,73.92
Stage2 (336).jpg,536.02,47.03,4.76,74.12
Stage2 (337).jpg,536.22,47.23,4.96,74.32
Stage2 (338).jpg,536.42,47.43,5.16,74.52
Stage2 (339).jpg,536.62,47.63,5.36,74.72
Stage2 (340).jpg,536.82,47.83,5.56,74.92
Stage2 (341).jpg,537.02,48.03,5.76,75.12
Stage2 (342).jpg,537.22,48.23,5.96,75.32
Stage2 (343).jpg,537.42,48.43,6.16,75.52
Stage2 (344).jpg,537.62,48.63,6.36,75.72
Stage2 (345).jpg,537.82,48.83,6.56,75.92
Stage2 (346).jpg,538.02,49.03,6.76,76.12
Stage2 (347).jpg,538.22,49.23,6.96,76.32
Stage2 (348).jpg,538.42,49.43,7.16,76.52
Stage2 (349).jpg,538.62,49.63,7.36,76.72
Stage2 (350).jpg,538.82,49.83,7.56,76.92
Stage2 (351).jpg,539.02,50.03,7.76,77.12
Stage2 (352).jpg,536.22,47.23,4.96,74.32
Stage2 (353).jpg,536.42,47.43,5.16,74.52
Stage2 (354).jpg,536.62,47.63,5.36,74.72
Stage2 (355).jpg,536.82,47.83,5.56,74.92
Stage2 (356).jpg,537.02,48.03,5.76,75.12
Stage2 (357).jpg,537.22,48.23,5.96,75.32
Stage2 (358).jpg,537.42,48.43,6.16,75.52
Stage2 (359).jpg,537.62,48.63,6.36,75.72
Stage2 (360).jpg,537.82,48.83,6.56,75.92
Stage2 (361).jpg,538.02,49.03,6.76,76.12
Stage2 (362).jpg,538.22,49.23,6.96,76.32
Stage2 (363).jpg,538.42,49.43,7.16,76.52
Stage2 (364).jpg,535.02,46.03,3.76,73.12
Stage2 (365).jpg,535.22,46.23,3.96,73.32
Stage2 (366).jpg,535.42,46.43,4.16,73.52
Stage2 (367).jpg,535.62,46.63,4.36,73.72
Stage2 (368).jpg,535.82,46.83,4.56,73.92
Stage2 (369).jpg,536.02,47.03,4.76,74.12
Stage2 (370).jpg,536.22,47.23,4.96,74.32
Stage2 (371).jpg,536.42,47.43,5.16,74.52
Stage2 (372).jpg,536.62,47.63,5.36,74.72
Stage2 (373).jpg,536.82,47.83,5.56,74.92
Stage2 (374).jpg,537.02,48.03,5.76,75.12
Stage2 (375).jpg,537.22,48.23,5.96,75.32
Stage2 (376).jpg,537.22,48.23,5.96,75.32
Stage2 (377).jpg,537.42,48.43,6.16,75.52
Stage2 (378).jpg,537.62,48.63,6.36,75.72
Stage2 (379).jpg,537.82,48.83,6.56,75.92
Stage2 (380).jpg,538.02,49.03,6.76,76.12
Stage2 (381).jpg,538.22,49.23,6.96,76.32
Stage2 (382).jpg,538.42,49.43,7.16,76.52
Stage2 (383).jpg,538.62,49.63,7.36,76.72
Stage2 (384).jpg,538.82,49.83,7.56,76.92
Stage2 (385).jpg,539.02,50.03,7.76,77.12
Stage2 (386).jpg,535.42,46.43,4.16,73.52
Stage2 (387).jpg,535.62,46.63,4.36,73.72
Stage2 (388).jpg,535.82,46.83,4.56,73.92
Stage2 (389).jpg,536.02,47.03,4.76,74.12
Stage2 (390).jpg,536.22,47.23,4.96,74.32
Stage2 (391).jpg,536.42,47.43,5.16,74.52
Stage2 (392).jpg,536.62,47.63,5.36,74.72
Stage2 (393).jpg,536.82,47.83,5.56,74.92
Stage2 (394).jpg,537.02,48.03,5.76,75.12
Stage2 (395).jpg,537.22,48.23,5.96,75.32
Stage2 (396).jpg,537.42,48.43,6.16,75.52
Stage2 (397).jpg,537.62,48.63,6.36,75.72
Stage2 (398).jpg,537.82,48.83,6.56,75.92
Stage2 (399).jpg,538.02,49.03,6.76,76.12
Stage2 (400).jpg,538.22,49.23,6.96,76.32
Stage2 (401).jpg,538.42,49.43,7.16,76.52
Stage2 (402).jpg,538.62,49.63,7.36,76.72
Stage2 (403).jpg,538.82,49.83,7.56,76.92
Stage2 (404).jpg,539.02,50.03,7.76,77.12
Stage2 (405).jpg,539.22,50.23,7.96,77.32
Stage2 (406).jpg,539.42,50.43,8.16,77.52
Stage2 (407).jpg,536.22,47.23,4.96,74.32
Stage2 (408).jpg,536.42,47.43,5.16,74.52
Stage2 (409).jpg,536.62,47.63,5.36,74.72
Stage2 (410).jpg,536.82,47.83,5.56,74.92
Stage2 (411).jpg,537.02,48.03,5.76,75.12
Stage2 (412).jpg,537.22,48.23,5.96,75.32
Stage2 (413).jpg,537.42,48.43,6.16,75.52
Stage2 (414).jpg,537.62,48.63,6.36,75.72
Stage2 (415).jpg,537.82,48.83,6.56,75.92
Stage2 (416).jpg,538.02,49.03,6.76,76.12
Stage2 (417).jpg,538.22,49.23,6.96,76.32
Stage2 (418).jpg,538.42,49.43,7.16,76.52
Stage2 (419).jpg,535.02,46.03,3.76,73.12
Stage2 (420).jpg,535.22,46.23,3.96,73.32
Stage2 (421).jpg,535.42,46.43,4.16,73.52
Stage2 (422).jpg,535.62,46.63,4.36,73.72
Stage2 (423).jpg,535.82,46.83,4.56,73.92
Stage2 (424).jpg,536.02,47.03,4.76,74.12
Stage2 (425).jpg,536.22,47.23,4.96,74.32
Stage2 (426).jpg,536.42,47.43,5.16,74.52
Stage2 (427).jpg,536.62,47.63,5.36,74.72
Stage2 (428).jpg,536.82,47.83,5.56,74.92
Stage2 (429).jpg,537.02,48.03,5.76,75.12
Stage2 (430).jpg,537.22,48.23,5.96,75.32
Stage2 (431).jpg,537.22,48.23,5.96,75.32
Stage2 (432).jpg,537.42,48.43,6.16,75.52
Stage2 (433).jpg,537.62,48.63,6.36,75.72
Stage2 (434).jpg,537.82,48.83,6.56,75.92
Stage2 (435).jpg,538.02,49.03,6.76,76.12
Stage2 (436).jpg,538.22,49.23,6.96,76.32
Stage2 (437).jpg,538.42,49.43,7.16,76.52
Stage2 (438).jpg,538.62,49.63,7.36,76.72
Stage2 (439).jpg,538.82,49.83,7.56,76.92
Stage2 (440).jpg,539.02,50.03,7.76,77.12
Stage2 (441).jpg,535.42,46.43,4.16,73.52
Stage2 (442).jpg,535.62,46.63,4.36,73.72
Stage2 (443).jpg,535.82,46.83,4.56,73.92
Stage2 (444).jpg,536.02,47.03,4.76,74.12
Stage2 (445).jpg,536.22,47.23,4.96,74.32
Stage2 (446).jpg,536.42,47.43,5.16,74.52
Stage2 (447).jpg,536.62,47.63,5.36,74.72
Stage2 (448).jpg,536.82,47.83,5.56,74.92
Stage2 (449).jpg,537.02,48.03,5.76,75.12
Stage2 (450).jpg,537.22,48.23,5.96,75.32
Stage2 (451).jpg,537.42,48.43,6.16,75.52
Stage2 (452).jpg,537.62,48.63,6.36,75.72
Stage2 (453).jpg,537.82,48.83,6.56,75.92
Stage2 (454).jpg,538.02,49.03,6.76,76.12
Stage2 (455).jpg,538.22,49.23,6.96,76.32
Stage2 (456).jpg,538.42,49.43,7.16,76.52
Stage2 (457).jpg,538.62,49.63,7.36,76.72
Stage2 (458).jpg,538.82,49.83,7.56,76.92
Stage2 (459).jpg,539.02,50.03,7.76,77.12
Stage2 (460).jpg,539.22,50.23,7.96,77.32
Stage2 (461).jpg,539.42,50.43,8.16,77.52
Stage2 (462).jpg,536.62,47.63,5.36,74.72
Stage2 (463).jpg,536.02,47.03,4.76,74.12
Stage2 (464).jpg,536.22,47.23,4.96,74.32
Stage2 (465).jpg,536.42,47.43,5.16,74.52
Stage2 (466).jpg,536.62,47.63,5.36,74.72
Stage2 (467).jpg,536.82,47.83,5.56,74.92
Stage2 (468).jpg,537.02,48.03,5.76,75.12
Stage2 (469).jpg,537.22,48.23,5.96,75.32
Stage2 (470).jpg,537.42,48.43,6.16,75.52
Stage2 (471).jpg,537.62,48.63,6.36,75.72
Stage2 (472).jpg,537.82,48.83,6.56,75.92
Stage2 (473).jpg,538.02,49.03,6.76,76.12
Stage2 (474).jpg,538.22,49.23,6.96,76.32
Stage2 (475).jpg,538.42,49.43,7.16,76.52
Stage2 (476).jpg,538.62,49.63,7.36,76.72
Stage2 (477).jpg,538.82,49.83,7.56,76.92
Stage2 (478).jpg,539.02,50.03,7.76,77.12
Stage2 (479).jpg,539.22,50.23,7.96,77.32
Stage2 (480).jpg,539.42,50.43,8.16,77.52
Stage2 (481).jpg,536.62,47.63,5.36,74.72
Stage2 (482).jpg,536.22,47.23,4.96,74.32
Stage2 (483).jpg,536.42,47.43,5.16,74.52
Stage2 (484).jpg,536.62,47.63,5.36,74.72
Stage2 (485).jpg,536.82,47.83,5.56,74.92
Stage2 (486).jpg,537.02,48.03,5.76,75.12
Stage2 (487).jpg,537.22,48.23,5.96,75.32
Stage2 (488).jpg,537.42,48.43,6.16,75.52
Stage2 (489).jpg,537.62,48.63,6.36,75.72
Stage2 (490).jpg,537.82,48.83,6.56,75.92
Stage2 (491).jpg,538.02,49.03,6.76,76.12
Stage2 (492).jpg,538.22,49.23,6.96,76.32
Stage2 (493).jpg,538.42,49.43,7.16,76.52
Stage2 (494).jpg,535.02,46.03,3.76,73.12
Stage2 (495).jpg,535.22,46.23,3.96,73.32
Stage2 (496).jpg,535.42,46.43,4.16,73.52
Stage2 (497).jpg,535.62,46.63,4.36,73.72
Stage2 (498).jpg,535.82,46.83,4.56,73.92
Stage2 (499).jpg,536.02,47.03,4.76,74.12
Stage2 (500).jpg,536.22,47.23,4.96,74.32
Stage2 (501).jpg,536.42,47.43,5.16,74.52
Stage2 (502).jpg,536.62,47.63,5.36,74.72
Stage2 (503).jpg,536.82,47.83,5.56,74.92
Stage2 (504).jpg,537.02,48.03,5.76,75.12
Stage2 (505).jpg,537.22,48.23,5.96,75.32
Stage2 (506).jpg,537.22,48.23,5.96,75.32
Stage2 (507).jpg,537.42,48.43,6.16,75.52
Stage2 (508).jpg,537.62,48.63,6.36,75.72
Stage2 (509).jpg,537.82,48.83,6.56,75.92
Stage2 (510).jpg,538.02,49.03,6.76,76.12
Stage2 (511).jpg,538.22,49.23,6.96,76.32
Stage2 (512).jpg,538.42,49.43,7.16,76.52
Stage2 (513).jpg,538.62,49.63,7.36,76.72
Stage2 (514).jpg,538.82,49.83,7.56,76.92
Stage2 (515).jpg,539.02,50.03,7.76,77.12
Stage2 (516).jpg,535.42,46.43,4.16,73.52
Stage2 (517).jpg,535.62,46.63,4.36,73.72
Stage2 (518).jpg,535.82,46.83,4.56,73.92
Stage2 (519).jpg,536.02,47.03,4.76,74.12
Stage2 (520).jpg,536.22,47.23,4.96,74.32
Stage2 (521).jpg,536.42,47.43,5.16,74.52
Stage2 (522).jpg,536.62,47.63,5.36,74.72
Stage2 (523).jpg,536.82,47.83,5.56,74.92
Stage2 (524).jpg,537.02,48.03,5.76,75.12
Stage2 (525).jpg,537.22,48.23,5.96,75.32
Stage2 (526).jpg,537.42,48.43,6.16,75.52
Stage2 (527).jpg,537.62,48.63,6.36,75.72
Stage2 (528).jpg,537.82,48.83,6.56,75.92
Stage2 (529).jpg,538.02,49.03,6.76,76.12
Stage2 (530).jpg,538.22,49.23,6.96,76.32
Stage2 (531).jpg,538.42,49.43,7.16,76.52
Stage2 (532).jpg,538.62,49.63,7.36,76.72
Stage2 (533).jpg,538.82,49.83,7.56,76.92
Stage2 (534).jpg,539.02,50.03,7.76,77.12
Stage2 (535).jpg,539.22,50.23,7.96,77.32
Stage2 (536).jpg,539.42,50.43,8.16,77.52
Stage2 (537).jpg,536.62,47.63,5.36,74.72
Stage2 (538).jpg,537.82,48.83,6.56,75.92
Stage2 (539).jpg,538.02,49.03,6.76,76.12
Stage3 (1).jpg,641.33,37.88,2.91,60.55
Stage3 (2).jpg,641.53,38.08,3.11,60.75
Stage3 (3).jpg,641.73,38.28,3.31,60.95
Stage3 (4).jpg,641.93,38.48,3.51,61.15
Stage3 (5).jpg,642.13,38.68,3.71,61.35
Stage3 (6).jpg,642.33,38.88,3.91,61.55
Stage3 (7).jpg,642.53,39.08,4.11,61.75
Stage3 (8).jpg,642.73,39.28,4.31,61.95
Stage3 (9).jpg,642.93,39.48,4.51,62.15
Stage3 (10).jpg,643.13,39.68,4.71,62.35
Stage3 (11).jpg,643.33,39.88,4.91,62.55
Stage3 (12).jpg,643.53,40.08,5.11,62.75
Stage3 (13).jpg,643.73,40.28,5.31,62.95
Stage3 (14).jpg,643.93,40.48,5.51,63.15
Stage3 (15).jpg,644.13,40.68,5.71,63.35
Stage3 (16).jpg,644.33,40.88,5.91,63.55
Stage3 (17).jpg,644.53,41.08,6.11,63.75
Stage3 (18).jpg,644.73,41.28,6.31,63.95
Stage3 (19).jpg,644.93,41.48,6.51,64.15
Stage3 (20).jpg,645.13,41.68,6.71,64.35
Stage3 (21).jpg,645.33,41.88,6.91,64.55
Stage3 (22).jpg,645.53,42.08,7.11,64.75
Stage3 (23).jpg,645.73,42.28,7.31,64.95
Stage3 (24).jpg,645.93,42.48,7.51,65.15
Stage3 (25).jpg,641.33,37.88,2.91,60.55
Stage3 (26).jpg,641.53,38.08,3.11,60.75
Stage3 (27).jpg,641.73,38.28,3.31,60.95
Stage3 (28).jpg,641.93,38.48,3.51,61.15
Stage3 (29).jpg,642.13,38.68,3.71,61.35
Stage3 (30).jpg,642.33,38.88,3.91,61.55
Stage3 (31).jpg,642.53,39.08,4.11,61.75
Stage3 (32).jpg,642.73,39.28,4.31,61.95
Stage3 (33).jpg,642.93,39.48,4.51,62.15
Stage3 (34).jpg,643.13,39.68,4.71,62.35
Stage3 (35).jpg,643.33,39.88,4.91,62.55
Stage3 (36).jpg,643.53,40.08,5.11,62.75
Stage3 (37).jpg,643.73,40.28,5.31,62.95
Stage3 (38).jpg,643.93,40.48,5.51,63.15
Stage3 (39).jpg,644.13,40.68,5.71,63.35
Stage3 (40).jpg,644.33,40.88,5.91,63.55
Stage3 (41).jpg,644.53,41.08,6.11,63.75
Stage3 (42).jpg,644.73,41.28,6.31,63.95
Stage3 (43).jpg,644.93,41.48,6.51,64.15
Stage3 (44).jpg,645.13,41.68,6.71,64.35
Stage3 (45).jpg,645.33,41.88,6.91,64.55
Stage3 (46).jpg,645.53,42.08,7.11,64.75
Stage3 (47).jpg,645.73,42.28,7.31,64.95
Stage3 (48).jpg,645.93,42.48,7.51,65.15
Stage3 (49).jpg,644.13,40.68,5.71,63.35
Stage3 (50).jpg,644.33,40.88,5.91,63.55
Stage3 (51).jpg,644.53,41.08,6.11,63.75
Stage3 (52).jpg,644.73,41.28,6.31,63.95
Stage3 (53).jpg,644.93,41.48,6.51,64.15
Stage3 (54).jpg,645.13,41.68,6.71,64.35
Stage3 (55).jpg,645.33,41.88,6.91,64.55
Stage3 (56).jpg,645.53,42.08,7.11,64.75
Stage3 (57).jpg,645.73,42.28,7.31,64.95
Stage3 (58).jpg,645.93,42.48,7.51,65.15
Stage3 (59).jpg,641.33,37.88,2.91,60.55
Stage3 (60).jpg,641.53,38.08,3.11,60.75
Stage3 (61).jpg,641.73,38.28,3.31,60.95
Stage3 (62).jpg,641.93,38.48,3.51,61.15
Stage3 (63).jpg,644.13,40.68,5.71,63.35
Stage3 (64).jpg,644.33,40.88,5.91,63.55
Stage3 (65).jpg,644.53,41.08,6.11,63.75
Stage3 (66).jpg,644.73,41.28,6.31,63.95
Stage3 (67).jpg,644.93,41.48,6.51,64.15
Stage3 (68).jpg,645.13,41.68,6.71,64.35
Stage3 (69).jpg,645.33,41.88,6.91,64.55
Stage3 (70).jpg,645.53,42.08,7.11,64.75
Stage3 (71).jpg,645.73,42.28,7.31,64.95
Stage3 (72).jpg,645.93,42.48,7.51,65.15
Stage3 (73).jpg,641.33,37.88,2.91,60.55
Stage3 (74).jpg,641.53,38.08,3.11,60.75
Stage3 (75).jpg,641.73,38.28,3.31,60.95
Stage3 (76).jpg,641.93,38.48,3.51,61.15
Stage3 (77).jpg,642.13,38.68,3.71,61.35
Stage3 (78).jpg,642.33,38.88,3.91,61.55
Stage3 (79).jpg,642.53,39.08,4.11,61.75
Stage3 (80).jpg,642.73,39.28,4.31,61.95
Stage3 (81).jpg,642.93,39.48,4.51,62.15
Stage3 (82).jpg,643.13,39.68,4.71,62.35
Stage3 (83).jpg,643.33,39.88,4.91,62.55
Stage3 (84).jpg,643.53,40.08,5.11,62.75
Stage3 (85).jpg,644.13,40.68,5.71,63.35
Stage3 (86).jpg,644.33,40.88,5.91,63.55
Stage3 (87).jpg,644.53,41.08,6.11,63.75
Stage3 (88).jpg,644.73,41.28,6.31,63.95
Stage3 (89).jpg,644.93,41.48,6.51,64.15
Stage3 (90).jpg,645.13,41.68,6.71,64.35
Stage3 (91).jpg,645.33,41.88,6.91,64.55
Stage3 (92).jpg,645.53,42.08,7.11,64.75
Stage3 (93).jpg,645.73,42.28,7.31,64.95
Stage3 (94).jpg,645.93,42.48,7.51,65.15
Stage3 (95).jpg,641.33,37.88,2.91,60.55
Stage3 (96).jpg,641.53,38.08,3.11,60.75
Stage3 (97).jpg,641.73,38.28,3.31,60.95
Stage3 (98).jpg,641.93,38.48,3.51,61.15
Stage3 (99).jpg,642.13,38.68,3.71,61.35
Stage3 (100).jpg,642.33,38.88,3.91,61.55
Stage3 (101).jpg,642.53,39.08,4.11,61.75
Stage3 (102).jpg,642.73,39.28,4.31,61.95
Stage3 (103).jpg,642.93,39.48,4.51,62.15
Stage3 (104).jpg,643.13,39.68,4.71,62.35
Stage3 (105).jpg,643.33,39.88,4.91,62.55
Stage3 (106).jpg,643.53,40.08,5.11,62.75
Stage3 (107).jpg,643.73,40.28,5.31,62.95
Stage3 (108).jpg,643.93,40.48,5.51,63.15
Stage3 (109).jpg,644.13,40.68,5.71,63.35
Stage3 (110).jpg,644.33,40.88,5.91,63.55
Stage3 (111).jpg,644.53,41.08,6.11,63.75
Stage3 (112).jpg,644.73,41.28,6.31,63.95
Stage3 (113).jpg,641.53,38.08,3.11,60.75
Stage3 (114).jpg,641.73,38.28,3.31,60.95
Stage3 (115).jpg,641.93,38.48,3.51,61.15
Stage3 (116).jpg,642.13,38.68,3.71,61.35
Stage3 (117).jpg,642.33,38.88,3.91,61.55
Stage3 (118).jpg,642.53,39.08,4.11,61.75
Stage3 (119).jpg,642.73,39.28,4.31,61.95
Stage3 (120).jpg,642.93,39.48,4.51,62.15
Stage3 (121).jpg,643.13,39.68,4.71,62.35
Stage3 (122).jpg,643.33,39.88,4.91,62.55
Stage3 (123).jpg,643.53,40.08,5.11,62.75
Stage3 (124).jpg,643.73,40.28,5.31,62.95
Stage3 (125).jpg,643.93,40.48,5.51,63.15
Stage3 (126).jpg,644.13,40.68,5.71,63.35
Stage3 (127).jpg,644.33,40.88,5.91,63.55
Stage3 (128).jpg,644.53,41.08,6.11,63.75
Stage3 (129).jpg,644.73,41.28,6.31,63.95
Stage3 (130).jpg,644.93,41.48,6.51,64.15
Stage3 (131).jpg,645.13,41.68,6.71,64.35
Stage3 (132).jpg,645.33,41.88,6.91,64.55
Stage3 (133).jpg,645.53,42.08,7.11,64.75
Stage3 (134).jpg,645.73,42.28,7.31,64.95
Stage3 (135).jpg,645.93,42.48,7.51,65.15
Stage3 (136).jpg,641.33,37.88,2.91,60.55
Stage3 (137).jpg,641.53,38.08,3.11,60.75
Stage3 (138).jpg,641.73,38.28,3.31,60.95
Stage3 (139).jpg,641.93,38.48,3.51,61.15
Stage3 (140).jpg,642.13,38.68,3.71,61.35
Stage3 (141).jpg,642.33,38.88,3.91,61.55
Stage3 (142).jpg,642.53,39.08,4.11,61.75
Stage3 (143).jpg,642.73,39.28,4.31,61.95
Stage3 (144).jpg,642.93,39.48,4.51,62.15
Stage3 (145).jpg,643.13,39.68,4.71,62.35
Stage3 (146).jpg,643.33,39.88,4.91,62.55
Stage3 (147).jpg,643.53,40.08,5.11,62.75
Stage3 (148).jpg,643.73,40.28,5.31,62.95
Stage3 (149).jpg,643.93,40.48,5.51,63.15
Stage3 (150).jpg,644.13,40.68,5.71,63.35
Stage3 (151).jpg,644.33,40.88,5.91,63.55
Stage3 (152).jpg,644.53,41.08,6.11,63.75
Stage3 (153).jpg,644.73,41.28,6.31,63.95
Stage3 (154).jpg,644.93,41.48,6.51,64.15
Stage3 (155).jpg,645.13,41.68,6.71,64.35
Stage3 (156).jpg,645.33,41.88,6.91,64.55
Stage3 (157).jpg,645.53,42.08,7.11,64.75
Stage3 (158).jpg,645.73,42.28,7.31,64.95
Stage3 (159).jpg,645.93,42.48,7.51,65.15
Stage3 (160).jpg,644.13,40.68,5.71,63.35
Stage3 (161).jpg,644.33,40.88,5.91,63.55
Stage3 (162).jpg,644.53,41.08,6.11,63.75
Stage3 (163).jpg,644.73,41.28,6.31,63.95
Stage3 (164).jpg,644.93,41.48,6.51,64.15
Stage3 (165).jpg,645.13,41.68,6.71,64.35
Stage3 (166).jpg,645.33,41.88,6.91,64.55
Stage3 (167).jpg,645.53,42.08,7.11,64.75
Stage3 (168).jpg,645.73,42.28,7.31,64.95
Stage3 (169).jpg,645.93,42.48,7.51,65.15
Stage3 (170).jpg,641.33,37.88,2.91,60.55
Stage3 (171).jpg,641.53,38.08,3.11,60.75
Stage3 (172).jpg,641.73,38.28,3.31,60.95
Stage3 (173).jpg,641.93,38.48,3.51,61.15
Stage3 (174).jpg,644.13,40.68,5.71,63.35
Stage3 (175).jpg,644.33,40.88,5.91,63.55
Stage3 (176).jpg,644.53,41.08,6.11,63.75
Stage3 (177).jpg,644.73,41.28,6.31,63.95
Stage3 (178).jpg,644.93,41.48,6.51,64.15
Stage3 (179).jpg,645.13,41.68,6.71,64.35
Stage3 (180).jpg,645.33,41.88,6.91,64.55
Stage3 (181).jpg,645.53,42.08,7.11,64.75
Stage3 (182).jpg,645.73,42.28,7.31,64.95
Stage3 (183).jpg,645.93,42.48,7.51,65.15
Stage3 (184).jpg,641.33,37.88,2.91,60.55
Stage3 (185).jpg,641.53,38.08,3.11,60.75
Stage3 (186).jpg,641.73,38.28,3.31,60.95
Stage3 (187).jpg,641.93,38.48,3.51,61.15
Stage3 (188).jpg,642.13,38.68,3.71,61.35
Stage3 (189).jpg,642.33,38.88,3.91,61.55
Stage3 (190).jpg,642.53,39.08,4.11,61.75
Stage3 (191).jpg,642.73,39.28,4.31,61.95
Stage3 (192).jpg,642.93,39.48,4.51,62.15
Stage3 (193).jpg,643.13,39.68,4.71,62.35
Stage3 (194).jpg,643.33,39.88,4.91,62.55
Stage3 (195).jpg,643.53,40.08,5.11,62.75
Stage3 (196).jpg,644.13,40.68,5.71,63.35
Stage3 (197).jpg,644.33,40.88,5.91,63.55
Stage3 (198).jpg,644.53,41.08,6.11,63.75
Stage3 (199).jpg,644.73,41.28,6.31,63.95
Stage3 (200).jpg,644.93,41.48,6.51,64.15
Stage3 (201).jpg,645.13,41.68,6.71,64.35
Stage3 (202).jpg,645.33,41.88,6.91,64.55
Stage3 (203).jpg,645.53,42.08,7.11,64.75
Stage3 (204).jpg,645.73,42.28,7.31,64.95
Stage3 (205).jpg,645.93,42.48,7.51,65.15
Stage3 (206).jpg,641.33,37.88,2.91,60.55
Stage3 (207).jpg,641.53,38.08,3.11,60.75
Stage3 (208).jpg,641.73,38.28,3.31,60.95
Stage3 (209).jpg,641.93,38.48,3.51,61.15
Stage3 (210).jpg,642.13,38.68,3.71,61.35
Stage3 (211).jpg,642.33,38.88,3.91,61.55
Stage3 (212).jpg,642.53,39.08,4.11,61.75
Stage3 (213).jpg,641.53,38.08,3.11,60.75
Stage3 (214).jpg,641.73,38.28,3.31,60.95
Stage3 (215).jpg,641.93,38.48,3.51,61.15
Stage3 (216).jpg,642.13,38.68,3.71,61.35
Stage3 (217).jpg,642.33,38.88,3.91,61.55
Stage3 (218).jpg,642.53,39.08,4.11,61.75
Stage3 (219).jpg,642.73,39.28,4.31,61.95
Stage3 (220).jpg,642.93,39.48,4.51,62.15
Stage3 (221).jpg,643.13,39.68,4.71,62.35
Stage3 (222).jpg,643.33,39.88,4.91,62.55
Stage3 (223).jpg,643.53,40.08,5.11,62.75
Stage3 (224).jpg,643.73,40.28,5.31,62.95
Stage3 (225).jpg,643.93,40.48,5.51,63.15
Stage3 (226).jpg,644.13,40.68,5.71,63.35
Stage3 (227).jpg,644.33,40.88,5.91,63.55
Stage3 (228).jpg,644.53,41.08,6.11,63.75
Stage3 (229).jpg,644.73,41.28,6.31,63.95
Stage3 (230).jpg,644.93,41.48,6.51,64.15
Stage3 (231).jpg,645.13,41.68,6.71,64.35
Stage3 (232).jpg,645.33,41.88,6.91,64.55
Stage3 (233).jpg,645.53,42.08,7.11,64.75
Stage3 (234).jpg,645.73,42.28,7.31,64.95
Stage3 (235).jpg,645.93,42.48,7.51,65.15
Stage3 (236).jpg,641.33,37.88,2.91,60.55
Stage3 (237).jpg,641.53,38.08,3.11,60.75
Stage3 (238).jpg,641.73,38.28,3.31,60.95
Stage3 (239).jpg,641.93,38.48,3.51,61.15
Stage3 (240).jpg,642.13,38.68,3.71,61.35
Stage3 (241).jpg,642.33,38.88,3.91,61.55
Stage3 (242).jpg,642.53,39.08,4.11,61.75
Stage3 (243).jpg,642.73,39.28,4.31,61.95
Stage3 (244).jpg,642.93,39.48,4.51,62.15
Stage3 (245).jpg,643.13,39.68,4.71,62.35
Stage3 (246).jpg,643.33,39.88,4.91,62.55
Stage3 (247).jpg,643.53,40.08,5.11,62.75
Stage3 (248).jpg,643.73,40.28,5.31,62.95
Stage3 (249).jpg,643.93,40.48,5.51,63.15
Stage3 (250).jpg,644.13,40.68,5.71,63.35
Stage3 (251).jpg,644.33,40.88,5.91,63.55
Stage3 (252).jpg,644.53,41.08,6.11,63.75
Stage3 (253).jpg,644.73,41.28,6.31,63.95
Stage3 (254).jpg,644.93,41.48,6.51,64.15
Stage3 (255).jpg,645.13,41.68,6.71,64.35
Stage3 (256).jpg,645.33,41.88,6.91,64.55
Stage3 (257).jpg,645.53,42.08,7.11,64.75
Stage3 (258).jpg,645.73,42.28,7.31,64.95
Stage3 (259).jpg,645.93,42.48,7.51,65.15
Stage3 (260).jpg,644.13,40.68,5.71,63.35
Stage3 (261).jpg,644.33,40.88,5.91,63.55
Stage3 (262).jpg,644.53,41.08,6.11,63.75
Stage3 (263).jpg,644.73,41.28,6.31,63.95
Stage3 (264).jpg,644.93,41.48,6.51,64.15
Stage3 (265).jpg,645.13,41.68,6.71,64.35
Stage3 (266).jpg,645.33,41.88,6.91,64.55
Stage3 (267).jpg,645.53,42.08,7.11,64.75
Stage3 (268).jpg,645.73,42.28,7.31,64.95
Stage3 (269).jpg,645.93,42.48,7.51,65.15
Stage3 (270).jpg,641.33,37.88,2.91,60.55
Stage3 (271).jpg,641.53,38.08,3.11,60.75
Stage3 (272).jpg,641.73,38.28,3.31,60.95
Stage3 (273).jpg,641.93,38.48,3.51,61.15
Stage3 (274).jpg,644.13,40.68,5.71,63.35
Stage3 (275).jpg,644.33,40.88,5.91,63.55
Stage3 (276).jpg,644.53,41.08,6.11,63.75
Stage3 (277).jpg,644.73,41.28,6.31,63.95
Stage3 (278).jpg,644.93,41.48,6.51,64.15
Stage3 (279).jpg,645.13,41.68,6.71,64.35
Stage3 (280).jpg,645.33,41.88,6.91,64.55
Stage3 (281).jpg,645.53,42.08,7.11,64.75
Stage3 (282).jpg,645.73,42.28,7.31,64.95
Stage3 (283).jpg,645.93,42.48,7.51,65.15
Stage3 (284).jpg,641.33,37.88,2.91,60.55
Stage3 (285).jpg,641.53,38.08,3.11,60.75
Stage3 (286).jpg,641.73,38.28,3.31,60.95
Stage3 (287).jpg,641.93,38.48,3.51,61.15
Stage3 (288).jpg,642.13,38.68,3.71,61.35
Stage3 (289).jpg,642.33,38.88,3.91,61.55
Stage3 (290).jpg,642.53,39.08,4.11,61.75
Stage3 (291).jpg,642.73,39.28,4.31,61.95
Stage3 (292).jpg,642.93,39.48,4.51,62.15
Stage3 (293).jpg,643.13,39.68,4.71,62.35
Stage3 (294).jpg,643.33,39.88,4.91,62.55
Stage3 (295).jpg,643.53,40.08,5.11,62.75
Stage3 (296).jpg,644.13,40.68,5.71,63.35
Stage3 (297).jpg,644.33,40.88,5.91,63.55
Stage3 (298).jpg,644.53,41.08,6.11,63.75
Stage3 (299).jpg,644.73,41.28,6.31,63.95
Stage3 (300).jpg,644.93,41.48,6.51,64.15
Stage3 (301).jpg,645.13,41.68,6.71,64.35
Stage3 (302).jpg,645.33,41.88,6.91,64.55
Stage3 (303).jpg,645.53,42.08,7.11,64.75
Stage3 (304).jpg,645.73,42.28,7.31,64.95
Stage3 (305).jpg,645.93,42.48,7.51,65.15
Stage3 (306).jpg,641.33,37.88,2.91,60.55
Stage3 (307).jpg,641.53,38.08,3.11,60.75
Stage3 (308).jpg,641.73,38.28,3.31,60.95
Stage3 (309).jpg,641.93,38.48,3.51,61.15
Stage3 (310).jpg,642.13,38.68,3.71,61.35
Stage3 (311).jpg,642.33,38.88,3.91,61.55
Stage3 (312).jpg,642.53,39.08,4.11,61.75
Stage3 (313).jpg,642.73,39.28,4.31,61.95
Stage3 (314).jpg,642.93,39.48,4.51,62.15
Stage3 (315).jpg,643.13,39.68,4.71,62.35
Stage3 (316).jpg,643.33,39.88,4.91,62.55
Stage3 (317).jpg,641.53,38.08,3.11,60.75
Stage3 (318).jpg,641.73,38.28,3.31,60.95
Stage3 (319).jpg,641.93,38.48,3.51,61.15
Stage3 (320).jpg,642.13,38.68,3.71,61.35
Stage3 (321).jpg,642.33,38.88,3.91,61.55
Stage3 (322).jpg,642.53,39.08,4.11,61.75
Stage3 (323).jpg,642.73,39.28,4.31,61.95
Stage3 (324).jpg,642.93,39.48,4.51,62.15
Stage3 (325).jpg,643.13,39.68,4.71,62.35
Stage3 (326).jpg,643.33,39.88,4.91,62.55
Stage3 (327).jpg,643.53,40.08,5.11,62.75
Stage3 (328).jpg,643.73,40.28,5.31,62.95
Stage3 (329).jpg,643.93,40.48,5.51,63.15
Stage3 (330).jpg,644.13,40.68,5.71,63.35
Stage3 (331).jpg,644.33,40.88,5.91,63.55
Stage3 (332).jpg,644.53,41.08,6.11,63.75
Stage3 (333).jpg,644.73,41.28,6.31,63.95
Stage3 (334).jpg,644.93,41.48,6.51,64.15
Stage3 (335).jpg,645.13,41.68,6.71,64.35
Stage3 (336).jpg,645.33,41.88,6.91,64.55
Stage3 (337).jpg,645.53,42.08,7.11,64.75
Stage3 (338).jpg,645.73,42.28,7.31,64.95
Stage3 (339).jpg,645.93,42.48,7.51,65.15
Stage3 (340).jpg,641.33,37.88,2.91,60.55
Stage3 (341).jpg,641.53,38.08,3.11,60.75
Stage3 (342).jpg,641.73,38.28,3.31,60.95
Stage3 (343).jpg,641.93,38.48,3.51,61.15
Stage3 (344).jpg,642.13,38.68,3.71,61.35
Stage3 (345).jpg,642.33,38.88,3.91,61.55
Stage3 (346).jpg,642.53,39.08,4.11,61.75
Stage3 (347).jpg,642.73,39.28,4.31,61.95
Stage3 (348).jpg,642.93,39.48,4.51,62.15
Stage3 (349).jpg,643.13,39.68,4.71,62.35
Stage3 (350).jpg,643.33,39.88,4.91,62.55
Stage3 (351).jpg,643.53,40.08,5.11,62.75
Stage3 (352).jpg,643.73,40.28,5.31,62.95
Stage3 (353).jpg,643.93,40.48,5.51,63.15
Stage3 (354).jpg,644.13,40.68,5.71,63.35
Stage3 (355).jpg,644.33,40.88,5.91,63.55
Stage3 (356).jpg,644.53,41.08,6.11,63.75
Stage3 (357).jpg,644.73,41.28,6.31,63.95
Stage3 (358).jpg,644.93,41.48,6.51,64.15
Stage3 (359).jpg,645.13,41.68,6.71,64.35
Stage3 (360).jpg,645.33,41.88,6.91,64.55
Stage3 (361).jpg,645.53,42.08,7.11,64.75
Stage3 (362).jpg,645.73,42.28,7.31,64.95
Stage3 (363).jpg,645.93,42.48,7.51,65.15
Stage3 (364).jpg,644.13,40.68,5.71,63.35
Stage3 (365).jpg,644.33,40.88,5.91,63.55
Stage3 (366).jpg,644.53,41.08,6.11,63.75
Stage3 (367).jpg,644.73,41.28,6.31,63.95
Stage3 (368).jpg,641.53,38.08,3.11,60.75
Stage3 (369).jpg,641.73,38.28,3.31,60.95
Stage3 (370).jpg,641.93,38.48,3.51,61.15
Stage3 (371).jpg,642.13,38.68,3.71,61.35
Stage3 (372).jpg,642.33,38.88,3.91,61.55
Stage3 (373).jpg,642.53,39.08,4.11,61.75
Stage3 (374).jpg,642.73,39.28,4.31,61.95
Stage3 (375).jpg,642.93,39.48,4.51,62.15
Stage3 (376).jpg,643.13,39.68,4.71,62.35
Stage3 (377).jpg,643.33,39.88,4.91,62.55
Stage3 (378).jpg,643.53,40.08,5.11,62.75
Stage3 (379).jpg,643.73,40.28,5.31,62.95
Stage3 (380).jpg,643.93,40.48,5.51,63.15
Stage3 (381).jpg,644.13,40.68,5.71,63.35
Stage3 (382).jpg,644.33,40.88,5.91,63.55
Stage3 (383).jpg,644.53,41.08,6.11,63.75
Stage3 (384).jpg,644.73,41.28,6.31,63.95
Stage3 (385).jpg,644.93,41.48,6.51,64.15
Stage3 (386).jpg,645.13,41.68,6.71,64.35
Stage3 (387).jpg,645.33,41.88,6.91,64.55
Stage3 (388).jpg,645.53,42.08,7.11,64.75
Stage3 (389).jpg,645.73,42.28,7.31,64.95
Stage3 (390).jpg,645.93,42.48,7.51,65.15
Stage3 (391).jpg,641.33,37.88,2.91,60.55
Stage3 (392).jpg,641.53,38.08,3.11,60.75
Stage3 (393).jpg,641.73,38.28,3.31,60.95
Stage3 (394).jpg,641.53,38.08,3.11,60.75
Stage3 (395).jpg,641.73,38.28,3.31,60.95
Stage3 (396).jpg,641.93,38.48,3.51,61.15
Stage3 (397).jpg,642.13,38.68,3.71,61.35
Stage3 (398).jpg,642.33,38.88,3.91,61.55
Stage3 (399).jpg,642.53,39.08,4.11,61.75
Stage3 (400).jpg,642.73,39.28,4.31,61.95
Stage3 (401).jpg,642.93,39.48,4.51,62.15
Stage3 (402).jpg,643.13,39.68,4.71,62.35
Stage3 (403).jpg,643.33,39.88,4.91,62.55
Stage3 (404).jpg,643.53,40.08,5.11,62.75
Stage3 (405).jpg,643.73,40.28,5.31,62.95
Stage3 (406).jpg,643.93,40.48,5.51,63.15
Stage3 (407).jpg,644.13,40.68,5.71,63.35
Stage3 (408).jpg,644.33,40.88,5.91,63.55
Stage3 (409).jpg,644.53,41.08,6.11,63.75
Stage3 (410).jpg,644.73,41.28,6.31,63.95
Stage3 (411).jpg,644.93,41.48,6.51,64.15
Stage3 (412).jpg,645.13,41.68,6.71,64.35
Stage3 (413).jpg,645.33,41.88,6.91,64.55
Stage3 (414).jpg,645.53,42.08,7.11,64.75
Stage3 (415).jpg,645.73,42.28,7.31,64.95
Stage3 (416).jpg,645.93,42.48,7.51,65.15
Stage3 (417).jpg,641.33,37.88,2.91,60.55
Stage3 (418).jpg,641.53,38.08,3.11,60.75
Stage3 (419).jpg,641.73,38.28,3.31,60.95
Stage3 (420).jpg,641.93,38.48,3.51,61.15
Stage3 (421).jpg,642.13,38.68,3.71,61.35
Stage3 (422).jpg,642.33,38.88,3.91,61.55
Stage3 (423).jpg,642.53,39.08,4.11,61.75
Stage3 (424).jpg,641.53,38.08,3.11,60.75
Stage3 (425).jpg,641.73,38.28,3.31,60.95
Stage3 (426).jpg,641.93,38.48,3.51,61.15
Stage3 (427).jpg,642.13,38.68,3.71,61.35
Stage3 (428).jpg,642.33,38.88,3.91,61.55
Stage3 (429).jpg,642.53,39.08,4.11,61.75
Stage3 (430).jpg,642.73,39.28,4.31,61.95
Stage3 (431).jpg,642.93,39.48,4.51,62.15
Stage3 (432).jpg,643.13,39.68,4.71,62.35
Stage3 (433).jpg,643.33,39.88,4.91,62.55
Stage3 (434).jpg,643.53,40.08,5.11,62.75
Stage3 (435).jpg,643.73,40.28,5.31,62.95
Stage3 (436).jpg,643.93,40.48,5.51,63.15
Stage3 (437).jpg,644.13,40.68,5.71,63.35
Stage3 (438).jpg,644.33,40.88,5.91,63.55
Stage3 (439).jpg,644.53,41.08,6.11,63.75
Stage3 (440).jpg,644.73,41.28,6.31,63.95
Stage3 (441).jpg,644.93,41.48,6.51,64.15
Stage3 (442).jpg,645.13,41.68,6.71,64.35
Stage3 (443).jpg,645.33,41.88,6.91,64.55
Stage3 (444).jpg,645.53,42.08,7.11,64.75
Stage3 (445).jpg,645.73,42.28,7.31,64.95
Stage3 (446).jpg,645.93,42.48,7.51,65.15
Stage3 (447).jpg,641.33,37.88,2.91,60.55
Stage3 (448).jpg,641.53,38.08,3.11,60.75
Stage3 (449).jpg,641.73,38.28,3.31,60.95
Stage3 (450).jpg,641.93,38.48,3.51,61.15
Stage3 (451).jpg,642.13,38.68,3.71,61.35
Stage3 (452).jpg,642.33,38.88,3.91,61.55
Stage3 (453).jpg,642.53,39.08,4.11,61.75
Stage3 (454).jpg,642.73,39.28,4.31,61.95
Stage3 (455).jpg,642.93,39.48,4.51,62.15
Stage3 (456).jpg,643.13,39.68,4.71,62.35
Stage3 (457).jpg,643.33,39.88,4.91,62.55
Stage3 (458).jpg,643.53,40.08,5.11,62.75
Stage3 (459).jpg,643.73,40.28,5.31,62.95
Stage3 (460).jpg,643.93,40.48,5.51,63.15
Stage3 (461).jpg,644.13,40.68,5.71,63.35
Stage3 (462).jpg,644.33,40.88,5.91,63.55
Stage3 (463).jpg,644.53,41.08,6.11,63.75
Stage3 (464).jpg,644.73,41.28,6.31,63.95
Stage3 (465).jpg,644.93,41.48,6.51,64.15
Stage3 (466).jpg,645.13,41.68,6.71,64.35
Stage3 (467).jpg,645.33,41.88,6.91,64.55
Stage3 (468).jpg,645.53,42.08,7.11,64.75
Stage3 (469).jpg,645.73,42.28,7.31,64.95
Stage3 (470).jpg,645.93,42.48,7.51,65.15
Stage3 (471).jpg,644.13,40.68,5.71,63.35
Stage3 (472).jpg,644.33,40.88,5.91,63.55
Stage3 (473).jpg,644.53,41.08,6.11,63.75
Stage3 (474).jpg,644.73,41.28,6.31,63.95
Stage3 (475).jpg,644.93,41.48,6.51,64.15
Stage3 (476).jpg,645.13,41.68,6.71,64.35
Stage3 (477).jpg,645.33,41.88,6.91,64.55
Stage3 (478).jpg,645.53,42.08,7.11,64.75
Stage3 (479).jpg,645.73,42.28,7.31,64.95
Stage3 (480).jpg,645.93,42.48,7.51,65.15
Stage3 (481).jpg,641.33,37.88,2.91,60.55
Stage3 (482).jpg,641.53,38.08,3.11,60.75
Stage3 (483).jpg,641.73,38.28,3.31,60.95
Stage3 (484).jpg,641.93,38.48,3.51,61.15
Stage3 (485).jpg,644.13,40.68,5.71,63.35
Stage3 (486).jpg,644.33,40.88,5.91,63.55
Stage3 (487).jpg,644.53,41.08,6.11,63.75
Stage3 (488).jpg,644.73,41.28,6.31,63.95
Stage3 (489).jpg,644.93,41.48,6.51,64.15
Stage3 (490).jpg,645.13,41.68,6.71,64.35
Stage3 (491).jpg,645.33,41.88,6.91,64.55
Stage3 (492).jpg,645.53,42.08,7.11,64.75
Stage3 (493).jpg,645.73,42.28,7.31,64.95
Stage3 (494).jpg,645.93,42.48,7.51,65.15
Stage3 (495).jpg,641.33,37.88,2.91,60.55
Stage3 (496).jpg,641.53,38.08,3.11,60.75
Stage3 (497).jpg,641.73,38.28,3.31,60.95
Stage3 (498).jpg,641.93,38.48,3.51,61.15
Stage3 (499).jpg,642.13,38.68,3.71,61.35
Stage3 (500).jpg,642.33,38.88,3.91,61.55
Stage3 (501).jpg,642.53,39.08,4.11,61.75
Stage3 (502).jpg,642.73,39.28,4.31,61.95
Stage3 (503).jpg,642.93,39.48,4.51,62.15
Stage3 (504).jpg,643.13,39.68,4.71,62.35
Stage3 (505).jpg,643.33,39.88,4.91,62.55
Stage3 (506).jpg,643.53,40.08,5.11,62.75
Stage3 (507).jpg,644.13,40.68,5.71,63.35
Stage3 (508).jpg,644.33,40.88,5.91,63.55
Stage3 (509).jpg,644.53,41.08,6.11,63.75
Stage3 (510).jpg,644.73,41.28,6.31,63.95
Stage3 (511).jpg,644.93,41.48,6.51,64.15
Stage3 (512).jpg,645.13,41.68,6.71,64.35
Stage3 (513).jpg,645.33,41.88,6.91,64.55
Stage3 (514).jpg,645.53,42.08,7.11,64.75
Stage3 (515).jpg,645.73,42.28,7.31,64.95
Stage3 (516).jpg,645.93,42.48,7.51,65.15
Stage3 (517).jpg,641.33,37.88,2.91,60.55
Stage3 (518).jpg,641.53,38.08,3.11,60.75
Stage3 (519).jpg,641.73,38.28,3.31,60.95
Stage3 (520).jpg,641.93,38.48,3.51,61.15
Stage3 (521).jpg,642.13,38.68,3.71,61.35
Stage3 (522).jpg,642.33,38.88,3.91,61.55
Stage3 (523).jpg,642.53,39.08,4.11,61.75
Stage3 (524).jpg,642.73,39.28,4.31,61.95
Stage3 (525).jpg,642.93,39.48,4.51,62.15
Stage3 (526).jpg,643.13,39.68,4.71,62.35
Stage3 (527).jpg,643.33,39.88,4.91,62.55
Stage3 (528).jpg,643.53,40.08,5.11,62.75
Stage3 (529).jpg,643.73,40.28,5.31,62.95
Stage3 (530).jpg,643.93,40.48,5.51,63.15
Stage3 (531).jpg,644.13,40.68,5.71,63.35
Stage3 (532).jpg,644.33,40.88,5.91,63.55
Stage3 (533).jpg,644.53,41.08,6.11,63.75
Stage3 (534).jpg,645.13,41.68,6.71,64.35
Stage3 (535).jpg,645.13,41.68,6.71,64.35
Stage3 (536).jpg,645.33,41.88,6.91,64.55
Stage3 (537).jpg,645.53,42.08,7.11,64.75
Stage3 (538).jpg,645.73,42.28,7.31,64.95
Stage3 (539).jpg,645.93,42.48,7.51,65.15
Stage3 (540).jpg,645.13,41.68,6.71,64.35
Stage3 (541).jpg,645.33,41.88,6.91,64.55
Stage3 (542).jpg,645.53,42.08,7.11,64.75
Stage3 (543).jpg,645.73,42.28,7.31,64.95
Stage3 (544).jpg,645.13,41.68,6.71,64.35
Stage3 (545).jpg,645.33,41.88,6.91,64.55
Stage3 (546).jpg,645.53,42.08,7.11,64.75
Stage3 (547).jpg,645.73,42.28,7.31,64.95
Stage3 (548).jpg,645.93,42.48,7.51,65.15
Stage3 (549).jpg,641.33,37.88,2.91,60.55
Stage3 (550).jpg,641.53,38.08,3.11,60.75
Stage3 (551).jpg,641.73,38.28,3.31,60.95
Stage3 (552).jpg,641.93,38.48,3.51,61.15
Stage3 (553).jpg,642.13,38.68,3.71,61.35
Stage3 (554).jpg,642.33,38.88,3.91,61.55
Stage3 (555).jpg,642.53,39.08,4.11,61.75
Stage3 (556).jpg,642.73,39.28,4.31,61.95
Stage3 (557).jpg,645.13,41.68,6.71,64.35
Stage3 (558).jpg,645.33,41.88,6.91,64.55
Stage3 (559).jpg,645.53,42.08,7.11,64.75
Stage3 (560).jpg,645.73,42.28,7.31,64.95
Stage3 (561).jpg,645.93,42.48,7.51,65.15
Stage3 (562).jpg,641.33,37.88,2.91,60.55
Stage3 (563).jpg,641.53,38.08,3.11,60.75
Stage3 (564).jpg,641.73,38.28,3.31,60.95
Stage3 (565).jpg,641.93,38.48,3.51,61.15
Stage3 (566).jpg,642.13,38.68,3.71,61.35
Stage3 (567).jpg,642.33,38.88,3.91,61.55
Stage3 (568).jpg,642.53,39.08,4.11,61.75
Stage3 (569).jpg,642.73,39.28,4.31,61.95
Stage3 (570).jpg,642.93,39.48,4.51,62.15
Stage3 (571).jpg,643.13,39.68,4.71,62.35
Stage3 (572).jpg,643.33,39.88,4.91,62.55
Stage3 (573).jpg,643.53,40.08,5.11,62.75
Stage3 (574).jpg,643.73,40.28,5.31,62.95
Stage3 (575).jpg,643.93,40.48,5.51,63.15
Stage3 (576).jpg,644.13,40.68,5.71,63.35
Stage3 (577).jpg,644.33,40.88,5.91,63.55
Stage3 (578).jpg,645.13,41.68,6.71,64.35
Stage3 (579).jpg,645.33,41.88,6.91,64.55
Stage3 (580).jpg,645.53,42.08,7.11,64.75
Stage3 (581).jpg,645.73,42.28,7.31,64.95
Stage3 (582).jpg,645.93,42.48,7.51,65.15
Stage3 (583).jpg,641.33,37.88,2.91,60.55
Stage3 (584).jpg,641.53,38.08,3.11,60.75
Stage3 (585).jpg,641.73,38.28,3.31,60.95
Stage3 (586).jpg,641.93,38.48,3.51,61.15
Stage3 (587).jpg,642.13,38.68,3.71,61.35
Stage3 (588).jpg,642.33,38.88,3.91,61.55
Stage3 (589).jpg,642.53,39.08,4.11,61.75
Stage3 (590).jpg,642.73,39.28,4.31,61.95
Stage3 (591).jpg,642.93,39.48,4.51,62.15
Stage3 (592).jpg,643.13,39.68,4.71,62.35
Stage3 (593).jpg,643.33,39.88,4.91,62.55
Stage3 (594).jpg,643.53,40.08,5.11,62.75
Stage3 (595).jpg,643.73,40.28,5.31,62.95
Stage3 (596).jpg,643.93,40.48,5.51,63.15
Stage3 (597).jpg,644.13,40.68,5.71,63.35
Stage3 (598).jpg,644.33,40.88,5.91,63.55
Stage3 (599).jpg,644.13,40.68,5.71,63.35
Stage3 (600).jpg,644.33,40.88,5.91,63.55
Stage3 (601).jpg,644.53,41.08,6.11,63.75
Stage3 (602).jpg,645.13,41.68,6.71,64.35
Stage3 (603).jpg,645.13,41.68,6.71,64.35
Stage3 (604).jpg,645.33,41.88,6.91,64.55
Stage3 (605).jpg,645.53,42.08,7.11,64.75
Stage3 (606).jpg,645.73,42.28,7.31,64.95
Stage3 (607).jpg,645.93,42.48,7.51,65.15
Stage3 (608).jpg,645.13,41.68,6.71,64.35
Stage3 (609).jpg,645.33,41.88,6.91,64.55
Stage3 (610).jpg,645.53,42.08,7.11,64.75
Stage3 (611).jpg,645.73,42.28,7.31,64.95
Stage3 (612).jpg,645.13,41.68,6.71,64.35
Stage3 (613).jpg,645.33,41.88,6.91,64.55
Stage3 (614).jpg,645.53,42.08,7.11,64.75
Stage3 (615).jpg,645.73,42.28,7.31,64.95
Stage3 (616).jpg,645.93,42.48,7.51,65.15
Stage3 (617).jpg,641.33,37.88,2.91,60.55
Stage3 (618).jpg,641.53,38.08,3.11,60.75
Stage3 (619).jpg,641.73,38.28,3.31,60.95
Stage3 (620).jpg,641.93,38.48,3.51,61.15
Stage3 (621).jpg,642.13,38.68,3.71,61.35
Stage3 (622).jpg,642.33,38.88,3.91,61.55
Stage3 (623).jpg,642.53,39.08,4.11,61.75
Stage3 (624).jpg,642.73,39.28,4.31,61.95
Stage3 (625).jpg,645.13,41.68,6.71,64.35
Stage3 (626).jpg,645.33,41.88,6.91,64.55
Stage3 (627).jpg,645.53,42.08,7.11,64.75
Stage3 (628).jpg,645.73,42.28,7.31,64.95
Stage3 (629).jpg,645.93,42.48,7.51,65.15
Stage3 (630).jpg,641.33,37.88,2.91,60.55
Stage3 (631).jpg,641.53,38.08,3.11,60.75
Stage3 (632).jpg,641.73,38.28,3.31,60.95
Stage3 (633).jpg,641.93,38.48,3.51,61.15
Stage3 (634).jpg,642.13,38.68,3.71,61.35
Stage3 (635).jpg,642.33,38.88,3.91,61.55
Stage3 (636).jpg,642.53,39.08,4.11,61.75
Stage3 (637).jpg,642.73,39.28,4.31,61.95
Stage3 (638).jpg,642.93,39.48,4.51,62.15
Stage3 (639).jpg,643.13,39.68,4.71,62.35
Stage3 (640).jpg,643.33,39.88,4.91,62.55
Stage3 (641).jpg,643.53,40.08,5.11,62.75
Stage3 (642).jpg,643.73,40.28,5.31,62.95
Stage3 (643).jpg,643.93,40.48,5.51,63.15
Stage3 (644).jpg,644.13,40.68,5.71,63.35
Stage3 (645).jpg,644.33,40.88,5.91,63.55
Stage3 (646).jpg,645.13,41.68,6.71,64.35
Stage3 (647).jpg,645.33,41.88,6.91,64.55
Stage3 (648).jpg,645.53,42.08,7.11,64.75
Stage3 (649).jpg,645.73,42.28,7.31,64.95
Stage3 (650).jpg,645.93,42.48,7.51,65.15
Stage3 (651).jpg,641.33,37.88,2.91,60.55
Stage3 (652).jpg,641.53,38.08,3.11,60.75
Stage3 (653).jpg,641.73,38.28,3.31,60.95
Stage3 (654).jpg,641.93,38.48,3.51,61.15
Stage3 (655).jpg,642.13,38.68,3.71,61.35
Stage3 (656).jpg,642.33,38.88,3.91,61.55
Stage3 (657).jpg,642.53,39.08,4.11,61.75
Stage3 (658).jpg,642.73,39.28,4.31,61.95
Stage3 (659).jpg,642.93,39.48,4.51,62.15
Stage4 (1).jpg,74.83,20.85,0.27,33.1
Stage4 (2).jpg,75.03,21.05,0.47,33.3
Stage4 (3).jpg,75.23,21.25,0.67,33.5
Stage4 (4).jpg,75.43,21.45,0.87,33.7
Stage4 (5).jpg,75.63,21.65,1.07,33.9
Stage4 (6).jpg,75.83,21.85,1.27,34.1
Stage4 (7).jpg,76.03,22.05,1.47,34.3
Stage4 (8).jpg,76.23,22.25,1.67,34.5
Stage4 (9).jpg,76.43,22.45,1.87,34.7
Stage4 (10).jpg,76.63,22.65,2.07,34.9
Stage4 (11).jpg,76.83,22.85,2.27,35.1
Stage4 (12).jpg,77.03,23.05,2.47,35.3
Stage4 (13).jpg,77.23,23.25,2.67,35.5
Stage4 (14).jpg,77.43,23.45,2.87,35.7
Stage4 (15).jpg,77.63,23.65,3.07,35.9
Stage4 (16).jpg,77.83,23.85,3.27,36.1
Stage4 (17).jpg,78.03,24.05,3.47,36.3
Stage4 (18).jpg,78.23,24.25,3.67,36.5
Stage4 (19).jpg,78.43,24.45,3.87,36.7
Stage4 (20).jpg,78.63,24.65,4.07,36.9
Stage4 (21).jpg,78.83,24.85,4.27,37.1
Stage4 (22).jpg,79.03,25.05,4.47,37.3
Stage4 (23).jpg,79.23,25.25,4.67,37.5
Stage4 (24).jpg,79.43,25.45,4.87,37.7
Stage4 (25).jpg,74.83,20.85,0.27,33.1
Stage4 (26).jpg,75.03,21.05,0.47,33.3
Stage4 (27).jpg,75.23,21.25,0.67,33.5
Stage4 (28).jpg,75.43,21.45,0.87,33.7
Stage4 (29).jpg,75.63,21.65,1.07,33.9
Stage4 (30).jpg,75.83,21.85,1.27,34.1
Stage4 (31).jpg,76.03,22.05,1.47,34.3
Stage4 (32).jpg,76.23,22.25,1.67,34.5
Stage4 (33).jpg,76.63,22.65,2.07,34.9
Stage4 (34).jpg,76.83,22.85,2.27,35.1
Stage4 (35).jpg,77.03,23.05,2.47,35.3
Stage4 (36).jpg,77.23,23.25,2.67,35.5
Stage4 (37).jpg,77.43,23.45,2.87,35.7
Stage4 (38).jpg,77.63,23.65,3.07,35.9
Stage4 (39).jpg,77.83,23.85,3.27,36.1
Stage4 (40).jpg,78.03,24.05,3.47,36.3
Stage4 (41).jpg,78.23,24.25,3.67,36.5
Stage4 (42).jpg,78.43,24.45,3.87,36.7
Stage4 (43).jpg,78.63,24.65,4.07,36.9
Stage4 (44).jpg,78.83,24.85,4.27,37.1
Stage4 (45).jpg,79.03,25.05,4.47,37.3
Stage4 (46).jpg,79.23,25.25,4.67,37.5
Stage4 (47).jpg,79.43,25.45,4.87,37.7
Stage4 (48).jpg,74.83,20.85,0.27,33.1
Stage4 (49).jpg,75.03,21.05,0.47,33.3
Stage4 (50).jpg,75.23,21.25,0.67,33.5
Stage4 (51).jpg,75.43,21.45,0.87,33.7
Stage4 (52).jpg,75.63,21.65,1.07,33.9
Stage4 (53).jpg,75.83,21.85,1.27,34.1
Stage4 (54).jpg,76.03,22.05,1.47,34.3
Stage4 (55).jpg,76.23,22.25,1.67,34.5
Stage4 (56).jpg,76.43,22.45,1.87,34.7
Stage4 (57).jpg,76.63,22.65,2.07,34.9
Stage4 (58).jpg,76.83,22.85,2.27,35.1
Stage4 (59).jpg,77.03,23.05,2.47,35.3
Stage4 (60).jpg,77.23,23.25,2.67,35.5
Stage4 (61).jpg,77.43,23.45,2.87,35.7
Stage4 (62).jpg,77.63,23.65,3.07,35.9
Stage4 (63).jpg,77.83,23.85,3.27,36.1
Stage4 (64).jpg,78.03,24.05,3.47,36.3
Stage4 (65).jpg,78.23,24.25,3.67,36.5
Stage4 (66).jpg,78.43,24.45,3.87,36.7
Stage4 (67).jpg,78.63,24.65,4.07,36.9
Stage4 (68).jpg,78.83,24.85,4.27,37.1
Stage4 (69).jpg,79.03,25.05,4.47,37.3
Stage4 (70).jpg,79.23,25.25,4.67,37.5
Stage4 (71).jpg,79.43,25.45,4.87,37.7
Stage4 (72).jpg,78.03,24.05,3.47,36.3
Stage4 (73).jpg,78.23,24.25,3.67,36.5
Stage4 (74).jpg,78.43,24.45,3.87,36.7
Stage4 (75).jpg,78.63,24.65,4.07,36.9
Stage4 (76).jpg,78.83,24.85,4.27,37.1
Stage4 (77).jpg,79.03,25.05,4.47,37.3
Stage4 (78).jpg,79.23,25.25,4.67,37.5
Stage4 (79).jpg,79.43,25.45,4.87,37.7
Stage4 (80).jpg,74.83,20.85,0.27,33.1
Stage4 (81).jpg,78.03,24.05,3.47,36.3
Stage4 (82).jpg,78.23,24.25,3.67,36.5
Stage4 (83).jpg,78.43,24.45,3.87,36.7
Stage4 (84).jpg,78.63,24.65,4.07,36.9
Stage4 (85).jpg,78.83,24.85,4.27,37.1
Stage4 (86).jpg,78.03,24.05,3.47,36.3
Stage4 (87).jpg,78.23,24.25,3.67,36.5
Stage4 (88).jpg,78.43,24.45,3.87,36.7
Stage4 (89).jpg,78.63,24.65,4.07,36.9
Stage4 (90).jpg,78.83,24.85,4.27,37.1
Stage4 (91).jpg,79.03,25.05,4.47,37.3
Stage4 (92).jpg,79.23,25.25,4.67,37.5
Stage4 (93).jpg,79.43,25.45,4.87,37.7
Stage4 (94).jpg,74.83,20.85,0.27,33.1
Stage4 (95).jpg,75.03,21.05,0.47,33.3
Stage4 (96).jpg,75.23,21.25,0.67,33.5
Stage4 (97).jpg,75.43,21.45,0.87,33.7
Stage4 (98).jpg,75.63,21.65,1.07,33.9
Stage4 (99).jpg,75.83,21.85,1.27,34.1
Stage4 (100).jpg,76.03,22.05,1.47,34.3
Stage4 (101).jpg,76.23,22.25,1.67,34.5
Stage4 (102).jpg,76.63,22.65,2.07,34.9
Stage4 (103).jpg,76.83,22.85,2.27,35.1
Stage4 (104).jpg,77.03,23.05,2.47,35.3
Stage4 (105).jpg,77.23,23.25,2.67,35.5
Stage4 (106).jpg,77.43,23.45,2.87,35.7
Stage4 (107).jpg,76.23,22.25,1.67,34.5
Stage4 (108).jpg,76.63,22.65,2.07,34.9
Stage4 (109).jpg,76.83,22.85,2.27,35.1
Stage4 (110).jpg,78.03,24.05,3.47,36.3
Stage4 (111).jpg,78.23,24.25,3.67,36.5
Stage4 (112).jpg,78.43,24.45,3.87,36.7
Stage4 (113).jpg,78.63,24.65,4.07,36.9
Stage4 (114).jpg,78.83,24.85,4.27,37.1
Stage4 (115).jpg,79.03,25.05,4.47,37.3
Stage4 (116).jpg,79.23,25.25,4.67,37.5
Stage4 (117).jpg,79.43,25.45,4.87,37.7
Stage4 (118).jpg,74.83,20.85,0.27,33.1
Stage4 (119).jpg,75.03,21.05,0.47,33.3
Stage4 (120).jpg,75.23,21.25,0.67,33.5
Stage4 (121).jpg,75.43,21.45,0.87,33.7
Stage4 (122).jpg,75.63,21.65,1.07,33.9
Stage4 (123).jpg,75.83,21.85,1.27,34.1
Stage4 (124).jpg,76.03,22.05,1.47,34.3
Stage4 (125).jpg,76.23,22.25,1.67,34.5
Stage4 (126).jpg,76.63,22.65,2.07,34.9
Stage4 (127).jpg,78.03,24.05,3.47,36.3
Stage4 (128).jpg,78.23,24.25,3.67,36.5
Stage4 (129).jpg,78.43,24.45,3.87,36.7
Stage4 (130).jpg,78.63,24.65,4.07,36.9
Stage4 (131).jpg,78.83,24.85,4.27,37.1
Stage4 (132).jpg,79.03,25.05,4.47,37.3
Stage4 (133).jpg,79.23,25.25,4.67,37.5
Stage4 (134).jpg,79.43,25.45,4.87,37.7
Stage4 (135).jpg,74.83,20.85,0.27,33.1
Stage4 (136).jpg,75.03,21.05,0.47,33.3
Stage4 (137).jpg,75.23,21.25,0.67,33.5
Stage4 (138).jpg,75.43,21.45,0.87,33.7
Stage4 (139).jpg,75.63,21.65,1.07,33.9
Stage4 (140).jpg,75.83,21.85,1.27,34.1
Stage4 (141).jpg,76.03,22.05,1.47,34.3
Stage4 (142).jpg,76.23,22.25,1.67,34.5
Stage4 (143).jpg,76.63,22.65,2.07,34.9
Stage4 (144).jpg,76.83,22.85,2.27,35.1
Stage4 (145).jpg,77.03,23.05,2.47,35.3
Stage4 (146).jpg,77.23,23.25,2.67,35.5
Stage4 (147).jpg,77.43,23.45,2.87,35.7
Stage4 (148).jpg,77.03,23.05,2.47,35.3
Stage4 (149).jpg,77.23,23.25,2.67,35.5
Stage4 (150).jpg,77.43,23.45,2.87,35.7
Stage4 (151).jpg,77.63,23.65,3.07,35.9
Stage4 (152).jpg,77.83,23.85,3.27,36.1
Stage4 (153).jpg,78.03,24.05,3.47,36.3
Stage4 (154).jpg,78.23,24.25,3.67,36.5
Stage4 (155).jpg,78.43,24.45,3.87,36.7
Stage4 (156).jpg,78.63,24.65,4.07,36.9
Stage4 (157).jpg,78.83,24.85,4.27,37.1
Stage4 (158).jpg,79.03,25.05,4.47,37.3
Stage4 (159).jpg,79.23,25.25,4.67,37.5
Stage4 (160).jpg,79.43,25.45,4.87,37.7
Stage4 (161).jpg,74.83,20.85,0.27,33.1
Stage4 (162).jpg,75.03,21.05,0.47,33.3
Stage4 (163).jpg,75.23,21.25,0.67,33.5
Stage4 (164).jpg,75.43,21.45,0.87,33.7
Stage4 (165).jpg,75.63,21.65,1.07,33.9
Stage4 (166).jpg,75.83,21.85,1.27,34.1
Stage4 (167).jpg,76.03,22.05,1.47,34.3
Stage4 (168).jpg,76.23,22.25,1.67,34.5
Stage4 (169).jpg,76.63,22.65,2.07,34.9
Stage4 (170).jpg,76.83,22.85,2.27,35.1
Stage4 (171).jpg,77.03,23.05,2.47,35.3
Stage4 (172).jpg,77.23,23.25,2.67,35.5
Stage4 (173).jpg,77.43,23.45,2.87,35.7
Stage4 (174).jpg,77.63,23.65,3.07,35.9
Stage4 (175).jpg,77.83,23.85,3.27,36.1
Stage4 (176).jpg,78.03,24.05,3.47,36.3
Stage4 (177).jpg,78.23,24.25,3.67,36.5
Stage4 (178).jpg,78.43,24.45,3.87,36.7
Stage4 (179).jpg,78.63,24.65,4.07,36.9
Stage4 (180).jpg,77.03,23.05,2.47,35.3
Stage4 (181).jpg,77.23,23.25,2.67,35.5
Stage4 (182).jpg,77.43,23.45,2.87,35.7
Stage4 (183).jpg,77.63,23.65,3.07,35.9
Stage4 (184).jpg,77.83,23.85,3.27,36.1
Stage4 (185).jpg,78.03,24.05,3.47,36.3
Stage4 (186).jpg,78.23,24.25,3.67,36.5
Stage4 (187).jpg,78.43,24.45,3.87,36.7
Stage4 (188).jpg,78.63,24.65,4.07,36.9
Stage4 (189).jpg,78.83,24.85,4.27,37.1
Stage4 (190).jpg,79.03,25.05,4.47,37.3
Stage4 (191).jpg,79.23,25.25,4.67,37.5
Stage4 (192).jpg,79.43,25.45,4.87,37.7
Stage4 (193).jpg,74.83,20.85,0.27,33.1
Stage4 (194).jpg,75.03,21.05,0.47,33.3
Stage4 (195).jpg,75.23,21.25,0.67,33.5
Stage4 (196).jpg,75.43,21.45,0.87,33.7
Stage4 (197).jpg,75.63,21.65,1.07,33.9
Stage4 (198).jpg,75.83,21.85,1.27,34.1
Stage4 (199).jpg,77.03,23.05,2.47,35.3
Stage4 (200).jpg,77.23,23.25,2.67,35.5
Stage4 (201).jpg,77.43,23.45,2.87,35.7
Stage4 (202).jpg,77.63,23.65,3.07,35.9
Stage4 (203).jpg,77.83,23.85,3.27,36.1
Stage4 (204).jpg,78.03,24.05,3.47,36.3
Stage4 (205).jpg,78.23,24.25,3.67,36.5
Stage4 (206).jpg,78.43,24.45,3.87,36.7
Stage4 (207).jpg,78.63,24.65,4.07,36.9
Stage4 (208).jpg,78.83,24.85,4.27,37.1
Stage4 (209).jpg,79.03,25.05,4.47,37.3
Stage4 (210).jpg,79.23,25.25,4.67,37.5
Stage4 (211).jpg,79.43,25.45,4.87,37.7
Stage4 (212).jpg,74.83,20.85,0.27,33.1
Stage4 (213).jpg,75.03,21.05,0.47,33.3
Stage4 (214).jpg,75.23,21.25,0.67,33.5
Stage4 (215).jpg,75.43,21.45,0.87,33.7
Stage4 (216).jpg,75.63,21.65,1.07,33.9
Stage4 (217).jpg,75.83,21.85,1.27,34.1
Stage4 (218).jpg,76.03,22.05,1.47,34.3
Stage4 (219).jpg,76.23,22.25,1.67,34.5
Stage4 (220).jpg,76.63,22.65,2.07,34.9
Stage4 (221).jpg,76.83,22.85,2.27,35.1
Stage4 (222).jpg,77.03,23.05,2.47,35.3
Stage4 (223).jpg,77.23,23.25,2.67,35.5
Stage4 (224).jpg,77.43,23.45,2.87,35.7
Stage4 (225).jpg,77.63,23.65,3.07,35.9
Stage4 (226).jpg,77.83,23.85,3.27,36.1
Stage4 (227).jpg,78.03,24.05,3.47,36.3
Stage4 (228).jpg,78.23,24.25,3.67,36.5
Stage4 (229).jpg,78.43,24.45,3.87,36.7
Stage4 (230).jpg,78.63,24.65,4.07,36.9
Stage4 (231).jpg,78.83,24.85,4.27,37.1
Stage4 (232).jpg,79.03,25.05,4.47,37.3
Stage4 (233).jpg,79.23,25.25,4.67,37.5
Stage4 (234).jpg,79.43,25.45,4.87,37.7
Stage4 (235).jpg,74.83,20.85,0.27,33.1
Stage4 (236).jpg,75.03,21.05,0.47,33.3
Stage4 (237).jpg,75.23,21.25,0.67,33.5
Stage4 (238).jpg,75.43,21.45,0.87,33.7
Stage4 (239).jpg,75.63,21.65,1.07,33.9
Stage4 (240).jpg,75.83,21.85,1.27,34.1
Stage4 (241).jpg,76.03,22.05,1.47,34.3
Stage4 (242).jpg,76.23,22.25,1.67,34.5
Stage4 (243).jpg,76.43,22.45,1.87,34.7
Stage4 (244).jpg,76.63,22.65,2.07,34.9
Stage4 (245).jpg,76.83,22.85,2.27,35.1
Stage4 (246).jpg,77.03,23.05,2.47,35.3
Stage4 (247).jpg,77.23,23.25,2.67,35.5
Stage4 (248).jpg,77.43,23.45,2.87,35.7
Stage4 (249).jpg,77.63,23.65,3.07,35.9
Stage4 (250).jpg,77.83,23.85,3.27,36.1
Stage4 (251).jpg,78.03,24.05,3.47,36.3
Stage4 (252).jpg,78.23,24.25,3.67,36.5
Stage4 (253).jpg,78.43,24.45,3.87,36.7
Stage4 (254).jpg,78.63,24.65,4.07,36.9
Stage4 (255).jpg,78.83,24.85,4.27,37.1
Stage4 (256).jpg,79.03,25.05,4.47,37.3
Stage4 (257).jpg,79.23,25.25,4.67,37.5
Stage4 (258).jpg,79.43,25.45,4.87,37.7
Stage4 (259).jpg,78.03,24.05,3.47,36.3
Stage4 (260).jpg,78.23,24.25,3.67,36.5
Stage4 (261).jpg,78.43,24.45,3.87,36.7
Stage4 (262).jpg,78.63,24.65,4.07,36.9
Stage4 (263).jpg,77.03,23.05,2.47,35.3
Stage4 (264).jpg,77.23,23.25,2.67,35.5
Stage4 (265).jpg,77.43,23.45,2.87,35.7
Stage4 (266).jpg,77.63,23.65,3.07,35.9
Stage4 (267).jpg,77.83,23.85,3.27,36.1
Stage4 (268).jpg,78.03,24.05,3.47,36.3
Stage4 (269).jpg,78.23,24.25,3.67,36.5
Stage4 (270).jpg,78.43,24.45,3.87,36.7
Stage4 (271).jpg,78.63,24.65,4.07,36.9
Stage4 (272).jpg,78.83,24.85,4.27,37.1
Stage4 (273).jpg,79.03,25.05,4.47,37.3
Stage4 (274).jpg,79.23,25.25,4.67,37.5
Stage4 (275).jpg,79.43,25.45,4.87,37.7
Stage4 (276).jpg,74.83,20.85,0.27,33.1
Stage4 (277).jpg,75.03,21.05,0.47,33.3
Stage4 (278).jpg,75.23,21.25,0.67,33.5
Stage4 (279).jpg,75.43,21.45,0.87,33.7
Stage4 (280).jpg,75.63,21.65,1.07,33.9
Stage4 (281).jpg,75.83,21.85,1.27,34.1
Stage4 (282).jpg,76.03,22.05,1.47,34.3
Stage4 (283).jpg,76.23,22.25,1.67,34.5
Stage4 (284).jpg,76.63,22.65,2.07,34.9
Stage4 (285).jpg,76.83,22.85,2.27,35.1
Stage4 (286).jpg,77.03,23.05,2.47,35.3
Stage4 (287).jpg,77.23,23.25,2.67,35.5
Stage4 (288).jpg,77.43,23.45,2.87,35.7
Stage4 (289).jpg,77.63,23.65,3.07,35.9
Stage4 (290).jpg,77.83,23.85,3.27,36.1
Stage4 (291).jpg,78.03,24.05,3.47,36.3
Stage4 (292).jpg,78.23,24.25,3.67,36.5
Stage4 (293).jpg,78.43,24.45,3.87,36.7
Stage4 (294).jpg,78.63,24.65,4.07,36.9
Stage4 (295).jpg,78.83,24.85,4.27,37.1
Stage4 (296).jpg,79.03,25.05,4.47,37.3
Stage4 (297).jpg,79.23,25.25,4.67,37.5
Stage4 (298).jpg,79.43,25.45,4.87,37.7
Stage4 (299).jpg,74.83,20.85,0.27,33.1
Stage4 (300).jpg,75.03,21.05,0.47,33.3
Stage4 (301).jpg,75.23,21.25,0.67,33.5
Stage4 (302).jpg,75.43,21.45,0.87,33.7
Stage4 (303).jpg,75.63,21.65,1.07,33.9
Stage4 (304).jpg,75.83,21.85,1.27,34.1
Stage4 (305).jpg,76.03,22.05,1.47,34.3
Stage4 (306).jpg,76.23,22.25,1.67,34.5
Stage4 (307).jpg,76.43,22.45,1.87,34.7
Stage4 (308).jpg,76.63,22.65,2.07,34.9
Stage4 (309).jpg,76.83,22.85,2.27,35.1
Stage4 (310).jpg,77.03,23.05,2.47,35.3
Stage4 (311).jpg,77.23,23.25,2.67,35.5
Stage4 (312).jpg,77.43,23.45,2.87,35.7
Stage4 (313).jpg,77.63,23.65,3.07,35.9
Stage4 (314).jpg,77.83,23.85,3.27,36.1
Stage4 (315).jpg,78.03,24.05,3.47,36.3
Stage4 (316).jpg,78.23,24.25,3.67,36.5
Stage4 (317).jpg,78.43,24.45,3.87,36.7
Stage4 (318).jpg,78.63,24.65,4.07,36.9
Stage4 (319).jpg,78.83,24.85,4.27,37.1
Stage4 (320).jpg,77.03,23.05,2.47,35.3
Stage4 (321).jpg,77.23,23.25,2.67,35.5
Stage4 (322).jpg,77.43,23.45,2.87,35.7
Stage4 (323).jpg,77.63,23.65,3.07,35.9
Stage4 (324).jpg,77.83,23.85,3.27,36.1
Stage4 (325).jpg,78.03,24.05,3.47,36.3
Stage4 (326).jpg,78.23,24.25,3.67,36.5
Stage4 (327).jpg,78.43,24.45,3.87,36.7
Stage4 (328).jpg,78.63,24.65,4.07,36.9
Stage4 (329).jpg,78.83,24.85,4.27,37.1
Stage4 (330).jpg,79.03,25.05,4.47,37.3
Stage4 (331).jpg,79.23,25.25,4.67,37.5
Stage4 (332).jpg,79.43,25.45,4.87,37.7
Stage4 (333).jpg,74.83,20.85,0.27,33.1
Stage4 (334).jpg,75.03,21.05,0.47,33.3
Stage4 (335).jpg,75.23,21.25,0.67,33.5
Stage4 (336).jpg,75.43,21.45,0.87,33.7
Stage4 (337).jpg,75.63,21.65,1.07,33.9
Stage4 (338).jpg,75.83,21.85,1.27,34.1
Stage4 (339).jpg,76.03,22.05,1.47,34.3
Stage4 (340).jpg,76.23,22.25,1.67,34.5
Stage4 (341).jpg,76.63,22.65,2.07,34.9
Stage4 (342).jpg,76.83,22.85,2.27,35.1
Stage4 (343).jpg,77.03,23.05,2.47,35.3
Stage4 (344).jpg,77.23,23.25,2.67,35.5
Stage4 (345).jpg,77.43,23.45,2.87,35.7
Stage4 (346).jpg,77.63,23.65,3.07,35.9
Stage4 (347).jpg,77.83,23.85,3.27,36.1
Stage4 (348).jpg,78.03,24.05,3.47,36.3
Stage4 (349).jpg,78.23,24.25,3.67,36.5
Stage4 (350).jpg,78.43,24.45,3.87,36.7
Stage4 (351).jpg,78.63,24.65,4.07,36.9
Stage4 (352).jpg,78.83,24.85,4.27,37.1
Stage4 (353).jpg,79.03,25.05,4.47,37.3
Stage4 (354).jpg,79.23,25.25,4.67,37.5
Stage4 (355).jpg,79.43,25.45,4.87,37.7
Stage4 (356).jpg,74.83,20.85,0.27,33.1
Stage4 (357).jpg,75.03,21.05,0.47,33.3
Stage4 (358).jpg,75.23,21.25,0.67,33.5
Stage4 (359).jpg,75.43,21.45,0.87,33.7
Stage4 (360).jpg,75.63,21.65,1.07,33.9
Stage4 (361).jpg,75.83,21.85,1.27,34.1
Stage4 (362).jpg,76.03,22.05,1.47,34.3
Stage4 (363).jpg,76.23,22.25,1.67,34.5
Stage4 (364).jpg,76.43,22.45,1.87,34.7
Stage4 (365).jpg,76.63,22.65,2.07,34.9
Stage4 (366).jpg,76.83,22.85,2.27,35.1
Stage4 (367).jpg,77.03,23.05,2.47,35.3
Stage4 (368).jpg,77.23,23.25,2.67,35.5
Stage4 (369).jpg,77.43,23.45,2.87,35.7
Stage4 (370).jpg,77.63,23.65,3.07,35.9
Stage4 (371).jpg,77.83,23.85,3.27,36.1
Stage4 (372).jpg,78.03,24.05,3.47,36.3
Stage4 (373).jpg,78.23,24.25,3.67,36.5
Stage4 (374).jpg,78.43,24.45,3.87,36.7
Stage4 (375).jpg,78.63,24.65,4.07,36.9
Stage4 (376).jpg,78.83,24.85,4.27,37.1
Stage4 (377).jpg,79.03,25.05,4.47,37.3
Stage4 (378).jpg,79.23,25.25,4.67,37.5
Stage4 (379).jpg,79.43,25.45,4.87,37.7
Stage4 (380).jpg,78.03,24.05,3.47,36.3
Stage4 (381).jpg,78.23,24.25,3.67,36.5
Stage4 (382).jpg,78.43,24.45,3.87,36.7
Stage4 (383).jpg,78.63,24.65,4.07,36.9
Stage4 (384).jpg,78.83,24.85,4.27,37.1
Stage4 (385).jpg,79.03,25.05,4.47,37.3
Stage4 (386).jpg,79.23,25.25,4.67,37.5
Stage4 (387).jpg,79.43,25.45,4.87,37.7
Stage4 (388).jpg,74.83,20.85,0.27,33.1
Stage4 (389).jpg,78.03,24.05,3.47,36.3
Stage4 (390).jpg,78.23,24.25,3.67,36.5
Stage4 (391).jpg,78.43,24.45,3.87,36.7
Stage4 (392).jpg,78.63,24.65,4.07,36.9
Stage4 (393).jpg,78.83,24.85,4.27,37.1
Stage4 (394).jpg,78.03,24.05,3.47,36.3
Stage4 (395).jpg,78.23,24.25,3.67,36.5
Stage4 (396).jpg,78.43,24.45,3.87,36.7
Stage4 (397).jpg,78.63,24.65,4.07,36.9
Stage4 (398).jpg,78.83,24.85,4.27,37.1
Stage4 (399).jpg,79.03,25.05,4.47,37.3
Stage4 (400).jpg,79.23,25.25,4.67,37.5
Stage4 (401).jpg,79.43,25.45,4.87,37.7
Stage4 (402).jpg,74.83,20.85,0.27,33.1
Stage4 (403).jpg,75.03,21.05,0.47,33.3
Stage4 (404).jpg,77.03,23.05,2.47,35.3
Stage4 (405).jpg,77.23,23.25,2.67,35.5
Stage4 (406).jpg,77.43,23.45,2.87,35.7
Stage4 (407).jpg,77.63,23.65,3.07,35.9
Stage4 (408).jpg,77.83,23.85,3.27,36.1
Stage4 (409).jpg,78.03,24.05,3.47,36.3
Stage4 (410).jpg,78.23,24.25,3.67,36.5
Stage4 (411).jpg,78.43,24.45,3.87,36.7
Stage4 (412).jpg,78.63,24.65,4.07,36.9
Stage4 (413).jpg,78.83,24.85,4.27,37.1
Stage4 (414).jpg,79.03,25.05,4.47,37.3
Stage4 (415).jpg,79.23,25.25,4.67,37.5
Stage4 (416).jpg,79.43,25.45,4.87,37.7
Stage4 (417).jpg,74.83,20.85,0.27,33.1
Stage4 (418).jpg,75.03,21.05,0.47,33.3
Stage4 (419).jpg,75.23,21.25,0.67,33.5
Stage4 (420).jpg,75.43,21.45,0.87,33.7
Stage4 (421).jpg,75.63,21.65,1.07,33.9
Stage4 (422).jpg,75.83,21.85,1.27,34.1
Stage4 (423).jpg,76.03,22.05,1.47,34.3
Stage4 (424).jpg,76.23,22.25,1.67,34.5
Stage4 (425).jpg,76.63,22.65,2.07,34.9
Stage4 (426).jpg,76.83,22.85,2.27,35.1
Stage4 (427).jpg,77.03,23.05,2.47,35.3
Stage4 (428).jpg,77.23,23.25,2.67,35.5
Stage4 (429).jpg,77.43,23.45,2.87,35.7
Stage4 (430).jpg,77.63,23.65,3.07,35.9
Stage4 (431).jpg,77.83,23.85,3.27,36.1
Stage4 (432).jpg,78.03,24.05,3.47,36.3
Stage4 (433).jpg,78.23,24.25,3.67,36.5
Stage4 (434).jpg,78.43,24.45,3.87,36.7
Stage4 (435).jpg,78.63,24.65,4.07,36.9
Stage4 (436).jpg,78.83,24.85,4.27,37.1
Stage4 (437).jpg,79.03,25.05,4.47,37.3
Stage4 (438).jpg,79.23,25.25,4.67,37.5
Stage4 (439).jpg,79.43,25.45,4.87,37.7
Stage4 (440).jpg,74.83,20.85,0.27,33.1
Stage4 (441).jpg,75.03,21.05,0.47,33.3
Stage4 (442).jpg,75.23,21.25,0.67,33.5
Stage4 (443).jpg,75.43,21.45,0.87,33.7
Stage4 (444).jpg,75.63,21.65,1.07,33.9
Stage4 (445).jpg,75.83,21.85,1.27,34.1
Stage4 (446).jpg,76.03,22.05,1.47,34.3
Stage4 (447).jpg,76.23,22.25,1.67,34.5
Stage4 (448).jpg,76.43,22.45,1.87,34.7
Stage4 (449).jpg,76.63,22.65,2.07,34.9
Stage4 (450).jpg,76.83,22.85,2.27,35.1
Stage4 (451).jpg,77.03,23.05,2.47,35.3
Stage4 (452).jpg,77.23,23.25,2.67,35.5
Stage4 (453).jpg,77.43,23.45,2.87,35.7
Stage4 (454).jpg,77.63,23.65,3.07,35.9
Stage4 (455).jpg,77.83,23.85,3.27,36.1
Stage4 (456).jpg,78.03,24.05,3.47,36.3
Stage4 (457).jpg,78.23,24.25,3.67,36.5
Stage4 (458).jpg,78.43,24.45,3.87,36.7
Stage4 (459).jpg,78.63,24.65,4.07,36.9
Stage4 (460).jpg,78.83,24.85,4.27,37.1
Stage4 (461).jpg,79.03,25.05,4.47,37.3
Stage4 (462).jpg,79.23,25.25,4.67,37.5
Stage4 (463).jpg,79.43,25.45,4.87,37.7
Stage4 (464).jpg,78.03,24.05,3.47,36.3
Stage4 (465).jpg,78.23,24.25,3.67,36.5
Stage4 (466).jpg,78.43,24.45,3.87,36.7
Stage4 (467).jpg,78.63,24.65,4.07,36.9
Stage4 (468).jpg,78.83,24.85,4.27,37.1
Stage4 (469).jpg,79.03,25.05,4.47,37.3
Stage4 (470).jpg,79.23,25.25,4.67,37.5
Stage4 (471).jpg,79.43,25.45,4.87,37.7
Stage4 (472).jpg,74.83,20.85,0.27,33.1
Stage4 (473).jpg,78.03,24.05,3.47,36.3
Stage4 (474).jpg,78.23,24.25,3.67,36.5
Stage4 (475).jpg,78.43,24.45,3.87,36.7
Stage4 (476).jpg,78.63,24.65,4.07,36.9
Stage4 (477).jpg,78.83,24.85,4.27,37.1
Stage4 (478).jpg,78.03,24.05,3.47,36.3
Stage4 (479).jpg,78.23,24.25,3.67,36.5
Stage4 (480).jpg,78.43,24.45,3.87,36.7
Stage4 (481).jpg,78.63,24.65,4.07,36.9
Stage4 (482).jpg,78.83,24.85,4.27,37.1
Stage4 (483).jpg,79.03,25.05,4.47,37.3
Stage4 (484).jpg,79.23,25.25,4.67,37.5
Stage4 (485).jpg,79.43,25.45,4.87,37.7
Stage4 (486).jpg,74.83,20.85,0.27,33.1
Stage4 (487).jpg,75.03,21.05,0.47,33.3
Stage4 (488).jpg,75.23,21.25,0.67,33.5
Stage4 (489).jpg,75.43,21.45,0.87,33.7
Stage4 (490).jpg,75.63,21.65,1.07,33.9
Stage4 (491).jpg,75.83,21.85,1.27,34.1
Stage4 (492).jpg,76.03,22.05,1.47,34.3
Stage4 (493).jpg,76.23,22.25,1.67,34.5
Stage4 (494).jpg,76.63,22.65,2.07,34.9
Stage4 (495).jpg,76.83,22.85,2.27,35.1
Stage4 (496).jpg,77.03,23.05,2.47,35.3
Stage4 (497).jpg,77.23,23.25,2.67,35.5
Stage4 (498).jpg,77.43,23.45,2.87,35.7
Stage4 (499).jpg,76.23,22.25,1.67,34.5
Stage4 (500).jpg,76.63,22.65,2.07,34.9
Stage4 (501).jpg,76.83,22.85,2.27,35.1
Stage4 (502).jpg,78.03,24.05,3.47,36.3
Stage4 (503).jpg,78.23,24.25,3.67,36.5
Stage4 (504).jpg,78.43,24.45,3.87,36.7
Stage4 (505).jpg,78.63,24.65,4.07,36.9
Stage4 (506).jpg,78.83,24.85,4.27,37.1
Stage4 (507).jpg,79.03,25.05,4.47,37.3
Stage4 (508).jpg,79.23,25.25,4.67,37.5
Stage4 (509).jpg,79.43,25.45,4.87,37.7
Stage4 (510).jpg,74.83,20.85,0.27,33.1
Stage4 (511).jpg,75.03,21.05,0.47,33.3
Stage4 (512).jpg,75.23,21.25,0.67,33.5
Stage4 (513).jpg,75.43,21.45,0.87,33.7
Stage4 (514).jpg,75.63,21.65,1.07,33.9
Stage4 (515).jpg,75.83,21.85,1.27,34.1
Stage4 (516).jpg,76.03,22.05,1.47,34.3
Stage4 (517).jpg,76.23,22.25,1.67,34.5
Stage4 (518).jpg,76.63,22.65,2.07,34.9
Stage4 (519).jpg,78.03,24.05,3.47,36.3
Stage4 (520).jpg,78.23,24.25,3.67,36.5
Stage4 (521).jpg,78.43,24.45,3.87,36.7
Stage4 (522).jpg,78.63,24.65,4.07,36.9
Stage4 (523).jpg,78.83,24.85,4.27,37.1
Stage4 (524).jpg,79.03,25.05,4.47,37.3
Stage4 (525).jpg,79.23,25.25,4.67,37.5
Stage4 (526).jpg,79.43,25.45,4.87,37.7
Stage4 (527).jpg,74.83,20.85,0.27,33.1
Stage4 (528).jpg,75.03,21.05,0.47,33.3
Stage4 (529).jpg,75.23,21.25,0.67,33.5
Stage4 (530).jpg,75.43,21.45,0.87,33.7
Stage4 (531).jpg,75.63,21.65,1.07,33.9
Stage4 (532).jpg,75.83,21.85,1.27,34.1
Stage4 (533).jpg,76.03,22.05,1.47,34.3
Stage4 (534).jpg,76.23,22.25,1.67,34.5
Stage4 (535).jpg,76.63,22.65,2.07,34.9
Stage4 (536).jpg,76.83,22.85,2.27,35.1
Stage4 (537).jpg,77.03,23.05,2.47,35.3
Stage4 (538).jpg,77.23,23.25,2.67,35.5
Stage4 (539).jpg,77.43,23.45,2.87,35.7
Stage4 (540).jpg,79.03,25.05,4.47,37.3
Stage4 (541).jpg,79.23,25.25,4.67,37.5
Stage4 (542).jpg,79.43,25.45,4.87,37.7
Stage4 (543).jpg,74.83,20.85,0.27,33.1
Stage4 (544).jpg,75.03,21.05,0.47,33.3
Stage4 (545).jpg,75.23,21.25,0.67,33.5
Stage4 (546).jpg,75.43,21.45,0.87,33.7
Stage4 (547).jpg,75.63,21.65,1.07,33.9
Stage4 (548).jpg,75.83,21.85,1.27,34.1
Stage4 (549).jpg,76.03,22.05,1.47,34.3
,,,,
